"Date","Price","Open","High","Low","Vol.","Change %"
"12/30/2022","3,839.50","3,829.06","3,839.85","3,800.34","","-0.25%"
"12/29/2022","3,849.28","3,805.45","3,858.19","3,805.45","","1.75%"
"12/28/2022","3,783.22","3,829.56","3,848.32","3,780.78","","-1.20%"
"12/27/2022","3,829.25","3,843.34","3,846.65","3,813.22","","-0.40%"
"12/23/2022","3,844.82","3,815.11","3,845.80","3,797.01","","0.59%"
"12/22/2022","3,822.39","3,853.26","3,853.26","3,764.49","","-1.45%"
"12/21/2022","3,878.44","3,839.49","3,889.82","3,839.49","","1.49%"
"12/20/2022","3,821.62","3,810.47","3,838.24","3,795.62","","0.10%"
"12/19/2022","3,817.66","3,853.79","3,854.86","3,800.04","","-0.90%"
"12/16/2022","3,852.36","3,890.91","3,890.91","3,827.91","","-1.11%"
"12/15/2022","3,895.75","3,958.37","3,958.37","3,879.45","","-2.49%"
"12/14/2022","3,995.32","4,015.54","4,053.76","3,965.65","","-0.61%"
"12/13/2022","4,019.65","4,069.38","4,100.96","3,993.03","","0.73%"
"12/12/2022","3,990.56","3,939.29","3,990.71","3,935.30","","1.43%"
"12/09/2022","3,934.38","3,954.17","3,977.02","3,933.04","","-0.73%"
"12/08/2022","3,963.51","3,947.79","3,974.19","3,935.83","","0.75%"
"12/07/2022","3,933.92","3,933.28","3,957.57","3,922.68","","-0.19%"
"12/06/2022","3,941.26","3,996.63","4,001.51","3,918.39","","-1.44%"
"12/05/2022","3,998.84","4,052.02","4,052.45","3,984.49","","-1.79%"
"12/02/2022","4,071.70","4,040.17","4,080.48","4,026.63","","-0.12%"
"12/01/2022","4,076.57","4,087.14","4,100.51","4,050.87","","-0.09%"
"11/30/2022","4,080.11","3,957.18","4,080.11","3,938.58","","3.09%"
"11/29/2022","3,957.63","3,964.19","3,976.77","3,937.65","","-0.16%"
"11/28/2022","3,963.94","4,005.36","4,012.27","3,955.77","","-1.54%"
"11/25/2022","4,026.12","4,023.34","4,034.02","4,020.76","","-0.03%"
"11/23/2022","4,027.26","4,000.30","4,033.78","3,998.66","","0.59%"
"11/22/2022","4,003.58","3,965.51","4,005.88","3,956.88","","1.36%"
"11/21/2022","3,949.94","3,956.23","3,962.00","3,933.34","","-0.39%"
"11/18/2022","3,965.34","3,966.39","3,979.89","3,935.98","","0.48%"
"11/17/2022","3,946.56","3,919.26","3,954.33","3,906.54","","-0.31%"
"11/16/2022","3,958.79","3,976.82","3,983.09","3,954.34","","-0.83%"
"11/15/2022","3,991.73","4,006.41","4,028.84","3,953.17","","0.87%"
"11/14/2022","3,957.25","3,977.97","4,008.97","3,956.40","","-0.89%"
"11/11/2022","3,992.93","3,963.72","4,001.48","3,944.82","","0.92%"
"11/10/2022","3,956.37","3,859.89","3,958.33","3,859.89","","5.54%"
"11/09/2022","3,748.57","3,810.94","3,818.20","3,744.22","","-2.08%"
"11/08/2022","3,828.11","3,817.02","3,859.40","3,786.28","","0.56%"
"11/07/2022","3,806.80","3,780.71","3,813.95","3,764.70","","0.96%"
"11/04/2022","3,770.55","3,766.98","3,796.34","3,708.84","","1.36%"
"11/03/2022","3,719.89","3,733.25","3,750.59","3,698.15","","-1.06%"
"11/02/2022","3,759.69","3,852.90","3,894.44","3,758.68","","-2.50%"
"11/01/2022","3,856.10","3,901.79","3,911.79","3,843.80","","-0.41%"
"10/31/2022","3,871.98","3,881.85","3,893.73","3,863.18","","-0.75%"
"10/28/2022","3,901.06","3,808.26","3,905.42","3,808.26","","2.46%"
"10/27/2022","3,807.30","3,834.69","3,859.95","3,803.79","","-0.61%"
"10/26/2022","3,830.60","3,825.97","3,886.15","3,824.07","","-0.74%"
"10/25/2022","3,859.11","3,799.44","3,862.85","3,799.44","","1.63%"
"10/24/2022","3,797.34","3,762.01","3,810.74","3,741.65","","1.19%"
"10/21/2022","3,752.75","3,657.10","3,757.89","3,647.42","","2.37%"
"10/20/2022","3,665.78","3,689.05","3,736.00","3,656.44","","-0.80%"
"10/19/2022","3,695.16","3,703.11","3,728.58","3,666.51","","-0.67%"
"10/18/2022","3,719.98","3,746.26","3,762.79","3,686.53","","1.14%"
"10/17/2022","3,677.95","3,638.65","3,689.73","3,638.65","","2.65%"
"10/14/2022","3,583.07","3,690.41","3,712.00","3,579.68","","-2.37%"
"10/13/2022","3,669.91","3,520.37","3,685.41","3,491.58","","2.60%"
"10/12/2022","3,577.03","3,590.83","3,608.34","3,573.86","","-0.33%"
"10/11/2022","3,588.84","3,595.86","3,640.66","3,568.45","","-0.65%"
"10/10/2022","3,612.39","3,647.51","3,652.17","3,588.10","","-0.75%"
"10/07/2022","3,639.66","3,706.74","3,706.74","3,620.73","","-2.80%"
"10/06/2022","3,744.52","3,771.97","3,797.93","3,739.22","","-1.02%"
"10/05/2022","3,783.28","3,753.25","3,806.91","3,722.66","","-0.20%"
"10/04/2022","3,790.93","3,726.46","3,791.92","3,726.46","","3.06%"
"10/03/2022","3,678.43","3,609.78","3,698.35","3,604.93","","2.59%"
"09/30/2022","3,585.62","3,633.48","3,671.44","3,584.13","","-1.51%"
"09/29/2022","3,640.47","3,687.01","3,687.01","3,610.40","","-2.11%"
"09/28/2022","3,719.04","3,651.94","3,736.74","3,640.61","","1.97%"
"09/27/2022","3,647.29","3,686.44","3,717.53","3,623.29","","-0.21%"
"09/26/2022","3,655.04","3,682.72","3,715.67","3,644.76","","-1.03%"
"09/23/2022","3,693.23","3,727.14","3,727.14","3,647.47","","-1.72%"
"09/22/2022","3,757.99","3,782.36","3,790.90","3,749.45","","-0.84%"
"09/21/2022","3,789.93","3,871.40","3,907.07","3,789.49","","-1.71%"
"09/20/2022","3,855.93","3,875.23","3,876.01","3,827.54","","-1.13%"
"09/19/2022","3,899.89","3,849.91","3,900.45","3,838.50","","0.69%"
"09/16/2022","3,873.33","3,880.95","3,880.95","3,837.08","","-0.72%"
"09/15/2022","3,901.35","3,932.41","3,959.14","3,888.28","","-1.13%"
"09/14/2022","3,946.01","3,940.73","3,961.94","3,912.18","","0.34%"
"09/13/2022","3,932.69","4,037.12","4,037.12","3,921.28","","-4.32%"
"09/12/2022","4,110.41","4,083.67","4,119.28","4,083.67","","1.06%"
"09/09/2022","4,067.36","4,022.94","4,076.81","4,022.94","","1.53%"
"09/08/2022","4,006.18","3,959.94","4,010.50","3,944.81","","0.66%"
"09/07/2022","3,979.87","3,909.43","3,987.89","3,906.03","","1.83%"
"09/06/2022","3,908.19","3,930.89","3,942.55","3,886.75","","-0.41%"
"09/02/2022","3,924.26","3,994.66","4,018.43","3,906.21","","-1.07%"
"09/01/2022","3,966.85","3,936.73","3,970.23","3,903.65","","0.30%"
"08/31/2022","3,955.00","4,000.67","4,015.37","3,954.53","","-0.78%"
"08/30/2022","3,986.16","4,041.25","4,044.98","3,965.21","","-1.10%"
"08/29/2022","4,030.61","4,034.58","4,062.99","4,017.42","","-0.67%"
"08/26/2022","4,057.66","4,198.74","4,203.04","4,057.66","","-3.37%"
"08/25/2022","4,199.12","4,153.26","4,200.54","4,147.59","","1.41%"
"08/24/2022","4,140.77","4,126.55","4,156.56","4,119.97","","0.29%"
"08/23/2022","4,128.73","4,133.09","4,159.77","4,124.03","","-0.22%"
"08/22/2022","4,137.99","4,195.08","4,195.08","4,129.86","","-2.14%"
"08/19/2022","4,228.48","4,266.31","4,266.31","4,218.70","","-1.29%"
"08/18/2022","4,283.74","4,273.13","4,292.53","4,261.98","","0.23%"
"08/17/2022","4,274.04","4,280.40","4,302.18","4,253.08","","-0.72%"
"08/16/2022","4,305.20","4,290.46","4,325.28","4,277.77","","0.19%"
"08/15/2022","4,297.14","4,269.37","4,301.79","4,256.90","","0.40%"
"08/12/2022","4,280.15","4,225.02","4,280.47","4,219.78","","1.73%"
"08/11/2022","4,207.27","4,227.40","4,257.91","4,201.41","","-0.07%"
"08/10/2022","4,210.24","4,181.02","4,211.03","4,177.26","","2.13%"
"08/09/2022","4,122.47","4,133.11","4,137.30","4,112.09","","-0.42%"
"08/08/2022","4,140.06","4,155.93","4,186.62","4,128.97","","-0.12%"
"08/05/2022","4,145.19","4,115.87","4,151.58","4,107.31","","-0.16%"
"08/04/2022","4,151.94","4,154.85","4,161.29","4,135.42","","-0.08%"
"08/03/2022","4,155.17","4,107.96","4,167.66","4,107.96","","1.56%"
"08/02/2022","4,091.19","4,104.21","4,140.47","4,079.81","","-0.67%"
"08/01/2022","4,118.63","4,112.38","4,144.95","4,096.02","","-0.28%"
"07/29/2022","4,130.29","4,087.33","4,140.15","4,079.22","","1.42%"
"07/28/2022","4,072.43","4,026.13","4,078.95","3,992.97","","1.21%"
"07/27/2022","4,023.61","3,951.43","4,039.56","3,951.43","","2.62%"
"07/26/2022","3,921.05","3,953.22","3,953.22","3,910.74","","-1.15%"
"07/25/2022","3,966.84","3,965.72","3,975.30","3,943.46","","0.13%"
"07/22/2022","3,961.63","3,998.43","4,012.44","3,938.86","","-0.93%"
"07/21/2022","3,998.95","3,955.47","3,999.29","3,927.64","","0.99%"
"07/20/2022","3,959.90","3,935.32","3,974.13","3,922.03","","0.59%"
"07/19/2022","3,936.69","3,860.73","3,939.81","3,860.73","","2.76%"
"07/18/2022","3,830.85","3,883.79","3,902.44","3,818.63","","-0.84%"
"07/15/2022","3,863.16","3,818.00","3,863.62","3,817.18","","1.92%"
"07/14/2022","3,790.38","3,763.99","3,796.41","3,721.56","","-0.30%"
"07/13/2022","3,801.78","3,779.67","3,829.44","3,759.07","","-0.45%"
"07/12/2022","3,818.80","3,851.95","3,873.41","3,802.36","","-0.92%"
"07/11/2022","3,854.43","3,880.94","3,880.94","3,847.22","","-1.15%"
"07/08/2022","3,899.38","3,888.26","3,918.50","3,869.34","","-0.08%"
"07/07/2022","3,902.62","3,858.85","3,910.63","3,858.85","","1.50%"
"07/06/2022","3,845.08","3,831.98","3,870.91","3,809.37","","0.36%"
"07/05/2022","3,831.39","3,792.61","3,832.19","3,742.06","","0.16%"
"07/01/2022","3,825.33","3,781.00","3,829.82","3,752.10","","1.06%"
"06/30/2022","3,785.38","3,785.99","3,818.99","3,738.67","","-0.88%"
"06/29/2022","3,818.83","3,825.09","3,836.50","3,799.02","","-0.07%"
"06/28/2022","3,821.55","3,913.00","3,945.86","3,820.14","","-2.01%"
"06/27/2022","3,900.11","3,920.76","3,927.72","3,889.66","","-0.30%"
"06/24/2022","3,911.74","3,821.75","3,913.65","3,821.75","","3.06%"
"06/23/2022","3,795.73","3,774.71","3,802.58","3,743.52","","0.95%"
"06/22/2022","3,759.89","3,733.89","3,801.79","3,717.69","","-0.13%"
"06/21/2022","3,764.79","3,715.31","3,779.65","3,715.31","","2.45%"
"06/17/2022","3,674.84","3,665.90","3,707.71","3,636.87","","0.22%"
"06/16/2022","3,666.77","3,728.18","3,728.18","3,639.77","","-3.25%"
"06/15/2022","3,789.99","3,764.05","3,837.56","3,722.30","","1.46%"
"06/14/2022","3,735.48","3,763.52","3,778.18","3,705.68","","-0.38%"
"06/13/2022","3,749.63","3,838.15","3,838.15","3,734.30","","-3.88%"
"06/10/2022","3,900.86","3,974.39","3,974.39","3,900.16","","-2.91%"
"06/09/2022","4,017.82","4,101.65","4,119.10","4,017.17","","-2.38%"
"06/08/2022","4,115.77","4,147.12","4,160.14","4,107.20","","-1.08%"
"06/07/2022","4,160.68","4,096.47","4,164.86","4,080.19","","0.95%"
"06/06/2022","4,121.43","4,134.72","4,168.78","4,109.18","","0.31%"
"06/03/2022","4,108.54","4,137.57","4,142.67","4,098.67","","-1.63%"
"06/02/2022","4,176.82","4,095.41","4,177.51","4,074.37","","1.84%"
"06/01/2022","4,101.23","4,149.78","4,166.54","4,073.85","","-0.75%"
"05/31/2022","4,132.15","4,151.09","4,168.34","4,104.88","","-0.63%"
"05/27/2022","4,158.24","4,077.43","4,158.49","4,077.43","","2.47%"
"05/26/2022","4,057.84","3,984.60","4,075.14","3,984.60","","1.99%"
"05/25/2022","3,978.73","3,929.59","3,999.33","3,925.03","","0.95%"
"05/24/2022","3,941.48","3,942.94","3,955.68","3,875.13","","-0.81%"
"05/23/2022","3,973.75","3,919.42","3,981.88","3,909.04","","1.86%"
"05/20/2022","3,901.36","3,927.76","3,943.42","3,810.32","","0.01%"
"05/19/2022","3,900.79","3,899.00","3,945.96","3,876.58","","-0.58%"
"05/18/2022","3,923.68","4,051.98","4,051.98","3,911.91","","-4.04%"
"05/17/2022","4,088.85","4,052.00","4,090.72","4,033.93","","2.02%"
"05/16/2022","4,008.01","4,013.02","4,046.46","3,983.99","","-0.39%"
"05/13/2022","4,023.89","3,963.90","4,038.88","3,963.90","","2.39%"
"05/12/2022","3,930.08","3,903.95","3,964.80","3,858.87","","-0.13%"
"05/11/2022","3,935.18","3,990.08","4,049.09","3,928.82","","-1.65%"
"05/10/2022","4,001.05","4,035.18","4,068.82","3,958.17","","0.25%"
"05/09/2022","3,991.24","4,081.27","4,081.27","3,975.48","","-3.20%"
"05/06/2022","4,123.34","4,128.17","4,157.69","4,067.91","","-0.70%"
"05/05/2022","4,152.38","4,255.50","4,256.39","4,105.51","","-3.44%"
"05/04/2022","4,300.17","4,181.18","4,307.66","4,148.91","","2.99%"
"05/03/2022","4,175.48","4,159.78","4,200.10","4,147.08","","0.48%"
"05/02/2022","4,155.38","4,130.61","4,169.81","4,062.51","","0.57%"
"04/29/2022","4,131.93","4,253.75","4,269.68","4,124.28","","-3.63%"
"04/28/2022","4,287.50","4,222.58","4,308.45","4,188.63","","2.47%"
"04/27/2022","4,183.96","4,186.52","4,240.71","4,162.90","","0.21%"
"04/26/2022","4,175.20","4,278.14","4,278.14","4,175.04","","-2.81%"
"04/25/2022","4,296.12","4,255.34","4,299.02","4,200.82","","0.57%"
"04/22/2022","4,271.78","4,385.83","4,385.83","4,267.62","","-2.77%"
"04/21/2022","4,393.66","4,489.17","4,512.94","4,384.47","","-1.48%"
"04/20/2022","4,459.45","4,472.26","4,488.29","4,448.76","","-0.06%"
"04/19/2022","4,462.21","4,390.63","4,471.03","4,390.63","","1.61%"
"04/18/2022","4,391.69","4,385.63","4,410.31","4,370.30","","-0.02%"
"04/14/2022","4,392.59","4,449.12","4,460.46","4,390.77","","-1.21%"
"04/13/2022","4,446.59","4,394.30","4,453.92","4,392.70","","1.12%"
"04/12/2022","4,397.45","4,437.59","4,471.00","4,381.34","","-0.34%"
"04/11/2022","4,412.53","4,462.64","4,464.35","4,408.38","","-1.69%"
"04/08/2022","4,488.28","4,494.15","4,520.41","4,474.60","","-0.27%"
"04/07/2022","4,500.21","4,474.65","4,521.16","4,450.30","","0.43%"
"04/06/2022","4,481.15","4,494.17","4,503.94","4,450.04","","-0.97%"
"04/05/2022","4,525.12","4,572.45","4,593.45","4,514.17","","-1.26%"
"04/04/2022","4,582.64","4,547.97","4,583.50","4,539.21","","0.81%"
"04/01/2022","4,545.86","4,540.32","4,548.70","4,507.57","","0.34%"
"03/31/2022","4,530.41","4,599.02","4,603.07","4,530.41","","-1.57%"
"03/30/2022","4,602.45","4,624.20","4,627.77","4,581.32","","-0.63%"
"03/29/2022","4,631.60","4,602.86","4,637.30","4,589.66","","1.23%"
"03/28/2022","4,575.52","4,541.09","4,575.65","4,517.69","","0.71%"
"03/25/2022","4,543.04","4,522.91","4,546.03","4,501.07","","0.51%"
"03/24/2022","4,520.16","4,469.98","4,520.58","4,465.17","","1.43%"
"03/23/2022","4,456.23","4,493.10","4,501.07","4,455.81","","-1.23%"
"03/22/2022","4,511.61","4,469.10","4,522.00","4,469.10","","1.13%"
"03/21/2022","4,461.18","4,462.40","4,481.75","4,424.30","","-0.04%"
"03/18/2022","4,463.09","4,407.34","4,465.40","4,390.57","","1.17%"
"03/17/2022","4,411.67","4,345.11","4,412.67","4,335.65","","1.23%"
"03/16/2022","4,357.95","4,288.14","4,358.90","4,251.99","","2.24%"
"03/15/2022","4,262.45","4,188.82","4,271.05","4,187.90","","2.14%"
"03/14/2022","4,173.11","4,202.75","4,247.57","4,161.72","","-0.74%"
"03/11/2022","4,204.31","4,279.50","4,291.01","4,200.49","","-1.30%"
"03/10/2022","4,259.52","4,252.55","4,268.28","4,209.80","","-0.43%"
"03/09/2022","4,277.88","4,223.10","4,299.40","4,223.10","","2.57%"
"03/08/2022","4,170.62","4,202.66","4,276.94","4,157.87","","-0.73%"
"03/07/2022","4,201.09","4,327.01","4,327.01","4,199.85","","-2.95%"
"03/04/2022","4,328.87","4,342.12","4,342.12","4,284.98","","-0.79%"
"03/03/2022","4,363.49","4,401.31","4,416.78","4,350.37","","-0.53%"
"03/02/2022","4,386.54","4,322.56","4,401.48","4,322.56","","1.86%"
"03/01/2022","4,306.26","4,363.14","4,378.45","4,279.54","","-1.54%"
"02/28/2022","4,373.79","4,354.17","4,388.84","4,315.12","","-0.25%"
"02/25/2022","4,384.62","4,298.38","4,385.34","4,286.83","","2.24%"
"02/24/2022","4,288.70","4,155.77","4,294.73","4,114.65","","1.50%"
"02/23/2022","4,225.50","4,324.93","4,341.51","4,221.51","","-1.84%"
"02/22/2022","4,304.74","4,332.74","4,362.12","4,267.11","","-1.01%"
"02/18/2022","4,348.87","4,384.57","4,394.60","4,327.22","","-0.72%"
"02/17/2022","4,380.26","4,456.06","4,456.06","4,373.81","","-2.12%"
"02/16/2022","4,475.01","4,455.75","4,489.55","4,429.68","","0.09%"
"02/15/2022","4,471.07","4,429.28","4,472.77","4,429.28","","1.58%"
"02/14/2022","4,401.67","4,412.61","4,426.22","4,364.84","","-0.38%"
"02/11/2022","4,418.64","4,506.27","4,526.33","4,401.41","","-1.90%"
"02/10/2022","4,504.06","4,553.24","4,588.92","4,484.31","","-1.81%"
"02/09/2022","4,587.18","4,547.00","4,590.03","4,547.00","","1.45%"
"02/08/2022","4,521.54","4,480.02","4,531.32","4,465.40","","0.84%"
"02/07/2022","4,483.87","4,505.75","4,521.86","4,471.47","","-0.37%"
"02/04/2022","4,500.54","4,482.79","4,539.66","4,451.50","","0.52%"
"02/03/2022","4,477.44","4,535.41","4,542.88","4,470.39","","-2.44%"
"02/02/2022","4,589.32","4,566.39","4,595.31","4,544.32","","0.94%"
"02/01/2022","4,546.54","4,519.57","4,550.49","4,483.53","","0.69%"
"01/31/2022","4,515.55","4,431.79","4,516.89","4,414.02","","1.89%"
"01/28/2022","4,431.85","4,336.19","4,432.72","4,292.46","","2.43%"
"01/27/2022","4,326.50","4,380.58","4,428.74","4,309.50","","-0.54%"
"01/26/2022","4,349.93","4,408.43","4,453.23","4,304.80","","-0.15%"
"01/25/2022","4,356.45","4,366.64","4,411.01","4,287.11","","-1.22%"
"01/24/2022","4,410.13","4,356.32","4,417.35","4,222.62","","0.28%"
"01/21/2022","4,397.93","4,471.38","4,494.52","4,395.34","","-1.89%"
"01/20/2022","4,482.73","4,547.35","4,602.11","4,477.95","","-1.10%"
"01/19/2022","4,532.76","4,588.03","4,611.55","4,530.20","","-0.97%"
"01/18/2022","4,577.34","4,632.24","4,632.24","4,568.70","","-1.83%"
"01/14/2022","4,662.85","4,637.99","4,665.13","4,614.75","","0.08%"
"01/13/2022","4,659.02","4,733.56","4,744.13","4,650.29","","-1.42%"
"01/12/2022","4,726.35","4,728.59","4,748.83","4,706.71","","0.28%"
"01/11/2022","4,713.07","4,669.14","4,714.13","4,638.27","","0.92%"
"01/10/2022","4,670.29","4,655.34","4,673.02","4,582.24","","-0.14%"
"01/07/2022","4,677.02","4,697.66","4,707.95","4,662.74","","-0.41%"
"01/06/2022","4,696.05","4,693.39","4,725.01","4,671.26","","-0.10%"
"01/05/2022","4,700.58","4,787.99","4,797.70","4,699.44","","-1.94%"
"01/04/2022","4,793.54","4,804.51","4,818.62","4,774.27","","-0.06%"
"01/03/2022","4,796.56","4,778.14","4,796.64","4,758.17","","0.64%"
"12/31/2021","4,766.18","4,775.21","4,786.83","4,765.75","","-0.26%"
"12/30/2021","4,778.73","4,794.23","4,808.93","4,775.33","","-0.30%"
"12/29/2021","4,793.06","4,788.64","4,804.06","4,778.08","","0.14%"
"12/28/2021","4,786.36","4,795.49","4,807.02","4,780.04","","-0.10%"
"12/27/2021","4,791.19","4,733.99","4,791.49","4,733.99","","1.38%"
"12/23/2021","4,725.78","4,703.96","4,740.74","4,703.96","","0.62%"
"12/22/2021","4,696.56","4,650.36","4,697.67","4,645.53","","1.02%"
"12/21/2021","4,649.23","4,594.96","4,651.14","4,583.16","","1.78%"
"12/20/2021","4,568.02","4,587.90","4,587.90","4,531.10","","-1.14%"
"12/17/2021","4,620.64","4,652.50","4,666.70","4,600.22","","-1.03%"
"12/16/2021","4,668.67","4,719.13","4,731.99","4,651.89","","-0.87%"
"12/15/2021","4,709.84","4,636.46","4,712.60","4,611.22","","1.63%"
"12/14/2021","4,634.09","4,642.99","4,660.47","4,606.52","","-0.75%"
"12/13/2021","4,669.15","4,710.30","4,710.30","4,667.60","","-0.91%"
"12/10/2021","4,712.02","4,687.64","4,713.57","4,670.24","","0.95%"
"12/09/2021","4,667.45","4,691.00","4,695.26","4,665.98","","-0.72%"
"12/08/2021","4,701.21","4,690.86","4,705.06","4,674.52","","0.31%"
"12/07/2021","4,686.75","4,631.97","4,694.04","4,631.97","","2.07%"
"12/06/2021","4,591.67","4,548.37","4,612.60","4,540.51","","1.17%"
"12/03/2021","4,538.43","4,589.49","4,608.03","4,495.12","","-0.84%"
"12/02/2021","4,577.10","4,504.73","4,595.46","4,504.73","","1.42%"
"12/01/2021","4,513.04","4,602.82","4,652.94","4,510.27","","-1.18%"
"11/30/2021","4,567.00","4,640.25","4,646.02","4,560.00","","-1.90%"
"11/29/2021","4,655.27","4,628.75","4,672.95","4,625.26","","1.32%"
"11/26/2021","4,594.62","4,664.63","4,664.63","4,585.43","","-2.27%"
"11/24/2021","4,701.46","4,675.78","4,702.87","4,659.89","","0.23%"
"11/23/2021","4,690.70","4,678.48","4,699.39","4,652.66","","0.17%"
"11/22/2021","4,682.95","4,712.00","4,743.83","4,682.17","","-0.32%"
"11/19/2021","4,697.96","4,708.44","4,717.75","4,694.22","","-0.18%"
"11/18/2021","4,706.64","4,700.72","4,708.75","4,672.78","","0.38%"
"11/17/2021","4,688.67","4,701.50","4,701.50","4,684.41","","-0.26%"
"11/16/2021","4,700.90","4,679.42","4,714.95","4,679.42","","0.39%"
"11/15/2021","4,682.81","4,689.30","4,697.42","4,672.86","","0.00%"
"11/12/2021","4,682.85","4,655.24","4,688.47","4,650.77","","0.72%"
"11/11/2021","4,649.27","4,659.39","4,664.55","4,648.31","","0.06%"
"11/10/2021","4,646.71","4,670.26","4,684.85","4,630.86","","-0.82%"
"11/09/2021","4,685.25","4,707.25","4,708.53","4,670.87","","-0.35%"
"11/08/2021","4,701.70","4,701.48","4,714.92","4,694.39","","0.09%"
"11/05/2021","4,697.53","4,699.26","4,718.50","4,681.32","","0.37%"
"11/04/2021","4,680.06","4,662.93","4,683.00","4,662.59","","0.42%"
"11/03/2021","4,660.57","4,630.65","4,663.46","4,621.19","","0.65%"
"11/02/2021","4,630.65","4,613.34","4,635.15","4,613.34","","0.37%"
"11/01/2021","4,613.67","4,610.62","4,620.34","4,595.06","","0.18%"
"10/29/2021","4,605.38","4,572.87","4,608.08","4,567.59","","0.19%"
"10/28/2021","4,596.42","4,562.84","4,597.55","4,562.84","","0.98%"
"10/27/2021","4,551.68","4,580.22","4,584.57","4,551.66","","-0.51%"
"10/26/2021","4,574.79","4,578.69","4,598.53","4,569.17","","0.18%"
"10/25/2021","4,566.48","4,553.69","4,572.62","4,537.36","","0.47%"
"10/22/2021","4,544.90","4,546.12","4,559.67","4,524.00","","-0.11%"
"10/21/2021","4,549.78","4,532.24","4,551.44","4,526.89","","0.30%"
"10/20/2021","4,536.19","4,524.42","4,540.87","4,524.40","","0.37%"
"10/19/2021","4,519.63","4,497.34","4,520.40","4,496.41","","0.74%"
"10/18/2021","4,486.48","4,463.72","4,488.75","4,447.47","","0.34%"
"10/15/2021","4,471.37","4,447.69","4,475.82","4,447.69","","0.75%"
"10/14/2021","4,438.23","4,386.75","4,439.73","4,386.75","","1.71%"
"10/13/2021","4,363.80","4,358.01","4,372.87","4,329.92","","0.30%"
"10/12/2021","4,350.64","4,368.31","4,374.89","4,342.09","","-0.24%"
"10/11/2021","4,361.19","4,385.44","4,415.88","4,360.59","","-0.69%"
"10/08/2021","4,391.36","4,406.51","4,412.02","4,386.22","","-0.19%"
"10/07/2021","4,399.76","4,383.73","4,429.97","4,383.73","","0.83%"
"10/06/2021","4,363.55","4,319.57","4,365.57","4,290.49","","0.41%"
"10/05/2021","4,345.72","4,309.87","4,369.23","4,309.87","","1.05%"
"10/04/2021","4,300.46","4,348.84","4,355.51","4,278.94","","-1.30%"
"10/01/2021","4,357.05","4,317.16","4,375.19","4,288.52","","1.15%"
"09/30/2021","4,307.54","4,370.67","4,382.55","4,306.24","","-1.19%"
"09/29/2021","4,359.46","4,362.41","4,385.57","4,355.08","","0.16%"
"09/28/2021","4,352.63","4,419.54","4,419.54","4,346.33","","-2.04%"
"09/27/2021","4,443.11","4,442.12","4,457.30","4,436.19","","-0.28%"
"09/24/2021","4,455.48","4,438.04","4,463.12","4,430.27","","0.15%"
"09/23/2021","4,448.98","4,406.75","4,465.40","4,406.75","","1.21%"
"09/22/2021","4,395.64","4,367.43","4,416.75","4,367.43","","0.95%"
"09/21/2021","4,354.18","4,374.45","4,394.87","4,347.96","","-0.08%"
"09/20/2021","4,357.73","4,402.95","4,402.95","4,305.91","","-1.70%"
"09/17/2021","4,432.99","4,469.74","4,471.52","4,427.76","","-0.91%"
"09/16/2021","4,473.76","4,477.09","4,485.87","4,443.80","","-0.15%"
"09/15/2021","4,480.70","4,447.49","4,486.87","4,438.37","","0.85%"
"09/14/2021","4,443.05","4,479.33","4,485.68","4,435.46","","-0.57%"
"09/13/2021","4,468.73","4,474.81","4,492.99","4,445.70","","0.23%"
"09/10/2021","4,458.58","4,506.92","4,520.47","4,457.66","","-0.77%"
"09/09/2021","4,493.28","4,513.02","4,529.90","4,492.07","","-0.46%"
"09/08/2021","4,514.07","4,518.09","4,521.79","4,493.95","","-0.13%"
"09/07/2021","4,520.03","4,535.38","4,535.38","4,513.00","","-0.34%"
"09/03/2021","4,535.43","4,532.42","4,541.45","4,521.30","","-0.03%"
"09/02/2021","4,536.95","4,534.48","4,545.85","4,524.66","","0.28%"
"09/01/2021","4,524.09","4,528.80","4,537.11","4,522.02","","0.03%"
"08/31/2021","4,522.68","4,529.75","4,531.39","4,515.80","","-0.13%"
"08/30/2021","4,528.79","4,513.76","4,537.36","4,513.76","","0.43%"
"08/27/2021","4,509.37","4,474.10","4,513.33","4,474.10","","0.88%"
"08/26/2021","4,469.91","4,493.75","4,495.90","4,468.99","","-0.58%"
"08/25/2021","4,496.19","4,490.45","4,501.71","4,485.66","","0.22%"
"08/24/2021","4,486.23","4,484.40","4,492.81","4,482.28","","0.15%"
"08/23/2021","4,479.54","4,450.29","4,489.88","4,450.29","","0.85%"
"08/20/2021","4,441.67","4,410.56","4,444.35","4,406.80","","0.81%"
"08/19/2021","4,405.80","4,382.44","4,418.61","4,367.73","","0.13%"
"08/18/2021","4,400.27","4,440.94","4,454.32","4,397.59","","-1.07%"
"08/17/2021","4,448.08","4,462.12","4,462.12","4,417.83","","-0.70%"
"08/16/2021","4,479.66","4,461.65","4,480.26","4,437.66","","0.26%"
"08/13/2021","4,468.00","4,464.84","4,468.37","4,460.82","","0.16%"
"08/12/2021","4,460.84","4,446.08","4,461.77","4,435.96","","0.30%"
"08/11/2021","4,447.70","4,442.18","4,449.44","4,436.42","","0.25%"
"08/10/2021","4,436.75","4,435.79","4,445.21","4,430.03","","0.10%"
"08/09/2021","4,432.35","4,437.77","4,439.39","4,424.74","","-0.09%"
"08/06/2021","4,436.52","4,429.07","4,440.82","4,429.07","","0.17%"
"08/05/2021","4,429.10","4,408.86","4,429.76","4,408.86","","0.60%"
"08/04/2021","4,402.68","4,415.95","4,416.17","4,400.23","","-0.46%"
"08/03/2021","4,423.15","4,392.74","4,423.79","4,373.00","","0.82%"
"08/02/2021","4,387.11","4,406.86","4,422.18","4,384.81","","-0.19%"
"07/30/2021","4,395.26","4,395.12","4,412.25","4,389.65","","-0.54%"
"07/29/2021","4,419.15","4,403.59","4,429.97","4,403.59","","0.42%"
"07/28/2021","4,400.65","4,402.95","4,415.47","4,387.01","","-0.02%"
"07/27/2021","4,401.46","4,416.38","4,416.38","4,372.51","","-0.47%"
"07/26/2021","4,422.23","4,409.58","4,422.73","4,405.45","","0.24%"
"07/23/2021","4,411.80","4,381.20","4,415.18","4,381.20","","1.01%"
"07/22/2021","4,367.48","4,361.27","4,369.31","4,350.06","","0.20%"
"07/21/2021","4,358.69","4,331.13","4,359.70","4,331.13","","0.82%"
"07/20/2021","4,323.21","4,265.11","4,336.84","4,262.05","","1.52%"
"07/19/2021","4,258.63","4,296.40","4,296.40","4,233.13","","-1.58%"
"07/16/2021","4,327.16","4,367.43","4,375.09","4,322.53","","-0.75%"
"07/15/2021","4,360.03","4,369.02","4,369.02","4,340.70","","-0.33%"
"07/14/2021","4,374.30","4,380.11","4,393.68","4,362.36","","0.12%"
"07/13/2021","4,369.21","4,381.07","4,392.37","4,366.92","","-0.35%"
"07/12/2021","4,384.63","4,372.41","4,386.68","4,364.03","","0.35%"
"07/09/2021","4,369.55","4,329.38","4,371.60","4,329.38","","1.13%"
"07/08/2021","4,320.82","4,321.07","4,330.88","4,289.37","","-0.86%"
"07/07/2021","4,358.13","4,351.01","4,361.88","4,329.79","","0.34%"
"07/06/2021","4,343.54","4,356.46","4,356.46","4,314.37","","-0.20%"
"07/02/2021","4,352.34","4,326.60","4,355.43","4,326.60","","0.75%"
"07/01/2021","4,319.94","4,300.73","4,320.66","4,300.73","","0.52%"
"06/30/2021","4,297.50","4,290.65","4,302.43","4,287.96","","0.13%"
"06/29/2021","4,291.80","4,293.21","4,300.52","4,287.04","","0.03%"
"06/28/2021","4,290.61","4,284.90","4,292.14","4,274.67","","0.23%"
"06/25/2021","4,280.70","4,274.45","4,286.12","4,271.16","","0.33%"
"06/24/2021","4,266.49","4,256.97","4,271.28","4,256.97","","0.58%"
"06/23/2021","4,241.84","4,249.27","4,256.60","4,241.43","","-0.11%"
"06/22/2021","4,246.44","4,224.61","4,255.84","4,217.27","","0.51%"
"06/21/2021","4,224.79","4,173.40","4,226.24","4,173.40","","1.40%"
"06/18/2021","4,166.45","4,204.78","4,204.78","4,164.40","","-1.31%"
"06/17/2021","4,221.86","4,220.37","4,232.29","4,196.05","","-0.04%"
"06/16/2021","4,223.70","4,248.87","4,251.89","4,202.45","","-0.54%"
"06/15/2021","4,246.59","4,255.28","4,257.16","4,238.35","","-0.20%"
"06/14/2021","4,255.15","4,248.31","4,255.59","4,234.07","","0.18%"
"06/11/2021","4,247.44","4,242.90","4,248.38","4,232.25","","0.19%"
"06/10/2021","4,239.18","4,228.56","4,249.74","4,220.34","","0.47%"
"06/09/2021","4,219.55","4,232.99","4,237.09","4,218.74","","-0.18%"
"06/08/2021","4,227.26","4,233.81","4,236.74","4,208.41","","0.02%"
"06/07/2021","4,226.52","4,229.34","4,232.34","4,215.66","","-0.08%"
"06/04/2021","4,229.89","4,206.05","4,233.45","4,206.05","","0.88%"
"06/03/2021","4,192.85","4,191.43","4,204.39","4,167.93","","-0.36%"
"06/02/2021","4,208.12","4,206.82","4,217.37","4,198.27","","0.14%"
"06/01/2021","4,202.04","4,216.52","4,234.12","4,197.59","","-0.05%"
"05/28/2021","4,204.11","4,210.77","4,218.36","4,203.57","","0.08%"
"05/27/2021","4,200.88","4,201.94","4,213.38","4,197.78","","0.12%"
"05/26/2021","4,195.99","4,191.59","4,202.61","4,184.11","","0.19%"
"05/25/2021","4,188.13","4,205.94","4,213.42","4,182.52","","-0.21%"
"05/24/2021","4,197.05","4,170.16","4,209.52","4,170.16","","0.99%"
"05/21/2021","4,155.86","4,168.61","4,188.72","4,151.72","","-0.08%"
"05/20/2021","4,159.12","4,121.97","4,172.80","4,121.97","","1.06%"
"05/19/2021","4,115.68","4,098.45","4,116.93","4,061.41","","-0.29%"
"05/18/2021","4,127.83","4,165.94","4,169.15","4,125.99","","-0.85%"
"05/17/2021","4,163.29","4,169.92","4,171.92","4,142.69","","-0.25%"
"05/14/2021","4,173.85","4,129.58","4,183.13","4,129.58","","1.49%"
"05/13/2021","4,112.50","4,074.99","4,131.58","4,074.99","","1.22%"
"05/12/2021","4,063.04","4,130.55","4,134.73","4,056.88","","-2.14%"
"05/11/2021","4,152.10","4,150.34","4,162.04","4,111.53","","-0.87%"
"05/10/2021","4,188.43","4,228.29","4,236.39","4,188.13","","-1.04%"
"05/07/2021","4,232.60","4,210.34","4,238.04","4,201.64","","0.74%"
"05/06/2021","4,201.62","4,169.14","4,202.70","4,147.33","","0.82%"
"05/05/2021","4,167.59","4,177.06","4,187.72","4,160.94","","0.07%"
"05/04/2021","4,164.66","4,179.04","4,179.04","4,128.59","","-0.67%"
"05/03/2021","4,192.66","4,191.98","4,209.39","4,188.03","","0.27%"
"04/30/2021","4,181.17","4,198.10","4,198.10","4,174.85","","-0.72%"
"04/29/2021","4,211.47","4,206.14","4,218.78","4,176.81","","0.68%"
"04/28/2021","4,183.18","4,185.14","4,201.53","4,181.78","","-0.08%"
"04/27/2021","4,186.72","4,188.25","4,193.35","4,176.22","","-0.02%"
"04/26/2021","4,187.62","4,185.03","4,194.19","4,182.36","","0.18%"
"04/23/2021","4,180.17","4,138.78","4,194.17","4,138.78","","1.09%"
"04/22/2021","4,134.98","4,170.46","4,179.57","4,123.69","","-0.92%"
"04/21/2021","4,173.42","4,128.42","4,175.02","4,126.35","","0.93%"
"04/20/2021","4,134.94","4,159.18","4,159.18","4,118.38","","-0.68%"
"04/19/2021","4,163.26","4,179.80","4,180.81","4,150.47","","-0.53%"
"04/16/2021","4,185.47","4,174.14","4,191.31","4,170.75","","0.36%"
"04/15/2021","4,170.42","4,139.76","4,173.49","4,139.76","","1.11%"
"04/14/2021","4,124.66","4,141.58","4,151.69","4,120.87","","-0.41%"
"04/13/2021","4,141.59","4,130.10","4,148.00","4,124.43","","0.33%"
"04/12/2021","4,127.99","4,124.71","4,131.76","4,114.82","","-0.02%"
"04/09/2021","4,128.80","4,096.11","4,129.48","4,095.51","","0.77%"
"04/08/2021","4,097.17","4,089.95","4,098.19","4,082.54","","0.42%"
"04/07/2021","4,079.95","4,074.29","4,083.13","4,068.31","","0.15%"
"04/06/2021","4,073.94","4,075.57","4,086.23","4,068.14","","-0.10%"
"04/05/2021","4,077.91","4,034.44","4,083.42","4,034.44","","1.44%"
"04/01/2021","4,019.87","3,992.78","4,020.63","3,992.78","","1.18%"
"03/31/2021","3,972.89","3,967.25","3,994.41","3,966.98","","0.36%"
"03/30/2021","3,958.55","3,963.34","3,968.01","3,944.35","","-0.32%"
"03/29/2021","3,971.09","3,969.31","3,981.83","3,943.25","","-0.09%"
"03/26/2021","3,974.54","3,917.12","3,978.19","3,917.12","","1.66%"
"03/25/2021","3,909.52","3,879.34","3,919.54","3,853.50","","0.52%"
"03/24/2021","3,889.14","3,919.93","3,942.08","3,889.07","","-0.55%"
"03/23/2021","3,910.52","3,937.60","3,949.13","3,901.57","","-0.76%"
"03/22/2021","3,940.59","3,916.48","3,955.31","3,914.16","","0.70%"
"03/19/2021","3,913.10","3,913.14","3,930.12","3,886.75","","-0.06%"
"03/18/2021","3,915.46","3,953.50","3,969.62","3,910.86","","-1.48%"
"03/17/2021","3,974.12","3,949.57","3,983.87","3,935.74","","0.29%"
"03/16/2021","3,962.71","3,973.59","3,981.04","3,953.44","","-0.16%"
"03/15/2021","3,968.94","3,942.96","3,970.08","3,923.54","","0.65%"
"03/12/2021","3,943.34","3,924.52","3,944.99","3,915.21","","0.10%"
"03/11/2021","3,939.34","3,915.54","3,960.27","3,915.54","","1.04%"
"03/10/2021","3,898.81","3,891.99","3,917.35","3,885.73","","0.60%"
"03/09/2021","3,875.44","3,851.93","3,903.76","3,851.93","","1.42%"
"03/08/2021","3,821.35","3,844.39","3,881.06","3,819.25","","-0.54%"
"03/05/2021","3,841.94","3,793.58","3,851.69","3,730.19","","1.95%"
"03/04/2021","3,768.47","3,818.53","3,843.67","3,723.34","","-1.34%"
"03/03/2021","3,819.72","3,863.99","3,874.47","3,818.86","","-1.31%"
"03/02/2021","3,870.29","3,903.64","3,906.41","3,868.57","","-0.81%"
"03/01/2021","3,901.82","3,842.51","3,914.50","3,842.51","","2.38%"
"02/26/2021","3,811.15","3,839.66","3,861.08","3,789.54","","-0.48%"
"02/25/2021","3,829.34","3,915.80","3,925.02","3,814.04","","-2.45%"
"02/24/2021","3,925.43","3,873.71","3,928.65","3,859.60","","1.14%"
"02/23/2021","3,881.37","3,857.07","3,895.98","3,805.59","","0.13%"
"02/22/2021","3,876.50","3,885.55","3,902.92","3,874.71","","-0.77%"
"02/19/2021","3,906.71","3,921.16","3,930.41","3,903.07","","-0.19%"
"02/18/2021","3,913.97","3,915.86","3,921.98","3,885.03","","-0.44%"
"02/17/2021","3,931.33","3,918.50","3,933.61","3,900.43","","-0.03%"
"02/16/2021","3,932.59","3,939.61","3,950.43","3,923.85","","-0.06%"
"02/12/2021","3,934.83","3,911.65","3,937.23","3,905.78","","0.47%"
"02/11/2021","3,916.38","3,916.40","3,925.99","3,890.39","","0.17%"
"02/10/2021","3,909.88","3,920.78","3,931.50","3,884.94","","-0.03%"
"02/09/2021","3,911.23","3,910.49","3,918.35","3,902.64","","-0.11%"
"02/08/2021","3,915.59","3,892.59","3,915.77","3,892.59","","0.74%"
"02/05/2021","3,886.83","3,878.30","3,894.56","3,874.93","","0.39%"
"02/04/2021","3,871.74","3,836.66","3,872.42","3,836.66","","1.09%"
"02/03/2021","3,830.17","3,840.27","3,847.51","3,816.68","","0.10%"
"02/02/2021","3,826.31","3,791.84","3,843.09","3,791.84","","1.39%"
"02/01/2021","3,773.86","3,731.17","3,784.32","3,725.62","","1.61%"
"01/29/2021","3,714.24","3,778.05","3,778.05","3,694.12","","-1.93%"
"01/28/2021","3,787.38","3,755.75","3,830.50","3,755.75","","0.98%"
"01/27/2021","3,750.77","3,836.83","3,836.83","3,732.48","","-2.57%"
"01/26/2021","3,849.62","3,862.96","3,870.90","3,847.78","","-0.15%"
"01/25/2021","3,855.36","3,851.68","3,859.23","3,797.16","","0.36%"
"01/22/2021","3,841.47","3,844.24","3,852.31","3,830.41","","-0.30%"
"01/21/2021","3,853.07","3,857.46","3,861.45","3,845.05","","0.03%"
"01/20/2021","3,851.85","3,816.22","3,859.75","3,816.22","","1.39%"
"01/19/2021","3,798.91","3,781.88","3,804.53","3,780.37","","0.81%"
"01/15/2021","3,768.25","3,788.73","3,788.73","3,749.62","","-0.72%"
"01/14/2021","3,795.54","3,814.98","3,823.60","3,792.86","","-0.38%"
"01/13/2021","3,809.84","3,802.23","3,820.96","3,791.50","","0.23%"
"01/12/2021","3,801.19","3,801.62","3,810.78","3,776.51","","0.04%"
"01/11/2021","3,799.61","3,803.14","3,817.86","3,789.02","","-0.66%"
"01/08/2021","3,824.68","3,815.05","3,826.69","3,783.60","","0.55%"
"01/07/2021","3,803.79","3,764.71","3,811.55","3,764.71","","1.48%"
"01/06/2021","3,748.14","3,712.20","3,783.04","3,705.34","","0.57%"
"01/05/2021","3,726.86","3,698.02","3,737.83","3,695.07","","0.71%"
"01/04/2021","3,700.65","3,764.61","3,769.99","3,662.71","","-1.48%"
"12/31/2020","3,756.07","3,733.27","3,760.20","3,726.88","","0.64%"
"12/30/2020","3,732.04","3,736.19","3,744.63","3,730.21","","0.13%"
"12/29/2020","3,727.04","3,750.01","3,756.12","3,723.31","","-0.22%"
"12/28/2020","3,735.36","3,723.03","3,740.51","3,723.03","","0.87%"
"12/24/2020","3,703.06","3,694.03","3,703.82","3,689.32","","0.35%"
"12/23/2020","3,690.01","3,693.42","3,711.24","3,689.28","","0.07%"
"12/22/2020","3,687.26","3,698.08","3,698.26","3,676.16","","-0.21%"
"12/21/2020","3,694.92","3,684.28","3,702.90","3,636.48","","-0.39%"
"12/18/2020","3,709.41","3,722.39","3,726.70","3,685.84","","-0.35%"
"12/17/2020","3,722.48","3,713.65","3,725.12","3,710.87","","0.58%"
"12/16/2020","3,701.17","3,696.25","3,711.27","3,688.57","","0.18%"
"12/15/2020","3,694.62","3,666.41","3,695.29","3,659.62","","1.29%"
"12/14/2020","3,647.49","3,675.27","3,697.61","3,645.84","","-0.44%"
"12/11/2020","3,663.46","3,656.08","3,665.91","3,633.40","","-0.13%"
"12/10/2020","3,668.10","3,659.13","3,678.49","3,645.18","","-0.13%"
"12/09/2020","3,672.82","3,705.98","3,712.39","3,660.54","","-0.79%"
"12/08/2020","3,702.25","3,683.05","3,708.45","3,678.83","","0.28%"
"12/07/2020","3,691.96","3,694.73","3,697.41","3,678.88","","-0.19%"
"12/04/2020","3,699.12","3,670.94","3,699.20","3,670.94","","0.88%"
"12/03/2020","3,666.72","3,668.28","3,682.73","3,657.17","","-0.06%"
"12/02/2020","3,669.01","3,653.78","3,670.96","3,644.84","","0.18%"
"12/01/2020","3,662.45","3,645.87","3,678.45","3,645.87","","1.13%"
"11/30/2020","3,621.63","3,634.18","3,634.18","3,594.39","","-0.46%"
"11/27/2020","3,638.35","3,638.55","3,644.31","3,629.33","","0.24%"
"11/25/2020","3,629.65","3,635.50","3,635.50","3,617.76","","-0.16%"
"11/24/2020","3,635.41","3,594.52","3,642.31","3,594.52","","1.62%"
"11/23/2020","3,577.59","3,566.82","3,589.81","3,552.77","","0.56%"
"11/20/2020","3,557.54","3,579.31","3,581.23","3,556.85","","-0.68%"
"11/19/2020","3,581.87","3,559.41","3,585.22","3,543.84","","0.39%"
"11/18/2020","3,567.79","3,612.09","3,619.09","3,567.33","","-1.16%"
"11/17/2020","3,609.53","3,610.31","3,623.11","3,588.68","","-0.48%"
"11/16/2020","3,626.91","3,600.16","3,628.51","3,600.16","","1.16%"
"11/13/2020","3,585.15","3,552.57","3,593.66","3,552.57","","1.36%"
"11/12/2020","3,537.01","3,562.67","3,569.02","3,518.58","","-1.00%"
"11/11/2020","3,572.66","3,563.22","3,581.16","3,557.00","","0.77%"
"11/10/2020","3,545.53","3,543.26","3,557.22","3,511.91","","-0.14%"
"11/09/2020","3,550.50","3,583.04","3,645.99","3,547.48","","1.17%"
"11/06/2020","3,509.44","3,508.34","3,521.58","3,484.34","","-0.03%"
"11/05/2020","3,510.45","3,485.74","3,529.05","3,485.74","","1.95%"
"11/04/2020","3,443.44","3,406.46","3,486.25","3,405.17","","2.20%"
"11/03/2020","3,369.16","3,336.25","3,389.49","3,336.25","","1.78%"
"11/02/2020","3,310.24","3,296.20","3,330.14","3,279.74","","1.23%"
"10/30/2020","3,269.96","3,293.59","3,304.93","3,233.94","","-1.21%"
"10/29/2020","3,310.11","3,277.17","3,341.05","3,259.82","","1.19%"
"10/28/2020","3,271.03","3,342.48","3,342.48","3,268.89","","-3.53%"
"10/27/2020","3,390.68","3,403.15","3,409.51","3,388.71","","-0.30%"
"10/26/2020","3,400.97","3,441.42","3,441.42","3,364.86","","-1.86%"
"10/23/2020","3,465.39","3,464.90","3,466.46","3,440.45","","0.34%"
"10/22/2020","3,453.49","3,438.50","3,460.53","3,415.34","","0.52%"
"10/21/2020","3,435.56","3,439.91","3,464.86","3,433.06","","-0.22%"
"10/20/2020","3,443.12","3,439.38","3,476.93","3,435.65","","0.47%"
"10/19/2020","3,426.92","3,493.66","3,502.42","3,419.93","","-1.63%"
"10/16/2020","3,483.81","3,493.50","3,515.76","3,480.45","","0.01%"
"10/15/2020","3,483.34","3,453.72","3,489.08","3,440.89","","-0.15%"
"10/14/2020","3,488.67","3,515.47","3,527.94","3,480.55","","-0.66%"
"10/13/2020","3,511.93","3,534.01","3,534.01","3,500.86","","-0.63%"
"10/12/2020","3,534.22","3,500.02","3,549.85","3,499.61","","1.64%"
"10/09/2020","3,477.13","3,459.67","3,482.34","3,458.07","","0.88%"
"10/08/2020","3,446.83","3,434.28","3,447.28","3,428.15","","0.80%"
"10/07/2020","3,419.45","3,384.56","3,426.26","3,384.56","","1.74%"
"10/06/2020","3,360.95","3,408.74","3,431.56","3,354.54","","-1.40%"
"10/05/2020","3,408.63","3,367.27","3,409.57","3,367.27","","1.80%"
"10/02/2020","3,348.44","3,338.94","3,369.10","3,323.69","","-0.96%"
"10/01/2020","3,380.80","3,385.87","3,397.18","3,361.39","","0.53%"
"09/30/2020","3,363.00","3,341.21","3,393.56","3,340.47","","0.83%"
"09/29/2020","3,335.47","3,350.92","3,357.92","3,327.54","","-0.48%"
"09/28/2020","3,351.60","3,333.90","3,360.74","3,332.91","","1.61%"
"09/25/2020","3,298.46","3,236.66","3,306.88","3,228.44","","1.60%"
"09/24/2020","3,246.59","3,226.14","3,278.70","3,209.45","","0.30%"
"09/23/2020","3,236.92","3,320.11","3,323.35","3,232.57","","-2.37%"
"09/22/2020","3,315.57","3,295.75","3,320.31","3,270.95","","1.05%"
"09/21/2020","3,281.06","3,285.57","3,285.57","3,229.10","","-1.16%"
"09/18/2020","3,319.47","3,357.38","3,362.27","3,292.40","","-1.12%"
"09/17/2020","3,357.01","3,346.86","3,375.17","3,328.82","","-0.84%"
"09/16/2020","3,385.49","3,411.23","3,428.92","3,384.45","","-0.46%"
"09/15/2020","3,401.20","3,407.73","3,419.48","3,389.25","","0.52%"
"09/14/2020","3,383.54","3,363.56","3,402.93","3,363.56","","1.27%"
"09/11/2020","3,340.97","3,352.70","3,368.95","3,310.47","","0.05%"
"09/10/2020","3,339.19","3,412.56","3,425.55","3,329.25","","-1.76%"
"09/09/2020","3,398.96","3,369.82","3,424.77","3,366.84","","2.01%"
"09/08/2020","3,331.84","3,371.88","3,379.97","3,329.27","","-2.78%"
"09/04/2020","3,426.96","3,453.60","3,479.15","3,349.63","","-0.81%"
"09/03/2020","3,455.06","3,564.74","3,564.85","3,427.41","","-3.51%"
"09/02/2020","3,580.84","3,543.76","3,588.11","3,535.23","","1.54%"
"09/01/2020","3,526.65","3,507.44","3,528.03","3,494.60","","0.75%"
"08/31/2020","3,500.31","3,509.73","3,514.77","3,493.25","","-0.22%"
"08/28/2020","3,508.01","3,494.69","3,509.23","3,484.32","","0.67%"
"08/27/2020","3,484.55","3,485.14","3,501.38","3,468.35","","0.17%"
"08/26/2020","3,478.73","3,449.97","3,481.07","3,444.15","","1.02%"
"08/25/2020","3,443.62","3,435.95","3,444.21","3,425.84","","0.36%"
"08/24/2020","3,431.28","3,418.09","3,432.09","3,413.13","","1.00%"
"08/21/2020","3,397.16","3,386.01","3,399.96","3,379.31","","0.34%"
"08/20/2020","3,385.51","3,360.48","3,390.80","3,354.69","","0.32%"
"08/19/2020","3,374.85","3,392.51","3,399.54","3,369.66","","-0.44%"
"08/18/2020","3,389.78","3,387.04","3,395.06","3,370.15","","0.23%"
"08/17/2020","3,381.99","3,380.86","3,387.59","3,379.22","","0.27%"
"08/14/2020","3,372.85","3,368.66","3,378.51","3,361.64","","-0.02%"
"08/13/2020","3,373.43","3,372.95","3,387.24","3,363.35","","-0.20%"
"08/12/2020","3,380.35","3,355.46","3,387.89","3,355.46","","1.40%"
"08/11/2020","3,333.69","3,370.34","3,381.01","3,326.44","","-0.80%"
"08/10/2020","3,360.47","3,356.04","3,363.29","3,335.44","","0.27%"
"08/07/2020","3,351.28","3,340.05","3,352.54","3,328.72","","0.06%"
"08/06/2020","3,349.16","3,323.17","3,351.03","3,318.14","","0.64%"
"08/05/2020","3,327.77","3,317.37","3,330.77","3,317.37","","0.64%"
"08/04/2020","3,306.51","3,289.92","3,306.84","3,286.37","","0.36%"
"08/03/2020","3,294.61","3,288.26","3,302.73","3,284.53","","0.72%"
"07/31/2020","3,271.12","3,270.45","3,272.17","3,220.26","","0.77%"
"07/30/2020","3,246.22","3,231.76","3,250.92","3,204.13","","-0.38%"
"07/29/2020","3,258.44","3,227.22","3,264.74","3,227.22","","1.24%"
"07/28/2020","3,218.44","3,234.27","3,243.72","3,216.17","","-0.65%"
"07/27/2020","3,239.41","3,219.84","3,241.43","3,214.25","","0.74%"
"07/24/2020","3,215.63","3,218.58","3,227.26","3,200.05","","-0.62%"
"07/23/2020","3,235.66","3,271.64","3,279.99","3,222.66","","-1.23%"
"07/22/2020","3,276.02","3,254.86","3,279.32","3,253.10","","0.57%"
"07/21/2020","3,257.30","3,268.52","3,277.29","3,247.77","","0.17%"
"07/20/2020","3,251.84","3,224.29","3,258.61","3,215.16","","0.84%"
"07/17/2020","3,224.73","3,224.21","3,233.52","3,205.65","","0.28%"
"07/16/2020","3,215.57","3,208.36","3,220.39","3,198.59","","-0.34%"
"07/15/2020","3,226.56","3,225.98","3,238.28","3,200.76","","0.91%"
"07/14/2020","3,197.52","3,141.11","3,200.95","3,127.66","","1.34%"
"07/13/2020","3,155.22","3,205.08","3,235.32","3,149.43","","-0.94%"
"07/10/2020","3,185.04","3,152.47","3,186.82","3,136.22","","1.05%"
"07/09/2020","3,152.05","3,176.17","3,179.78","3,115.70","","-0.56%"
"07/08/2020","3,169.94","3,153.07","3,171.80","3,136.53","","0.78%"
"07/07/2020","3,145.32","3,166.44","3,184.15","3,142.93","","-1.08%"
"07/06/2020","3,179.72","3,155.29","3,182.59","3,155.29","","1.59%"
"07/02/2020","3,130.01","3,143.64","3,165.81","3,124.52","","0.45%"
"07/01/2020","3,115.86","3,105.92","3,128.44","3,101.17","","0.50%"
"06/30/2020","3,100.29","3,050.20","3,111.51","3,047.83","","1.54%"
"06/29/2020","3,053.24","3,018.59","3,053.89","2,999.74","","1.47%"
"06/26/2020","3,009.05","3,073.20","3,073.73","3,004.63","","-2.42%"
"06/25/2020","3,083.76","3,046.60","3,086.25","3,024.01","","1.10%"
"06/24/2020","3,050.33","3,114.40","3,115.01","3,032.13","","-2.59%"
"06/23/2020","3,131.29","3,138.70","3,154.90","3,127.12","","0.43%"
"06/22/2020","3,117.86","3,094.42","3,120.92","3,079.39","","0.65%"
"06/19/2020","3,097.74","3,140.29","3,155.53","3,083.11","","-0.56%"
"06/18/2020","3,115.34","3,101.64","3,120.00","3,093.51","","0.06%"
"06/17/2020","3,113.49","3,136.13","3,141.16","3,108.03","","-0.36%"
"06/16/2020","3,124.74","3,131.00","3,153.45","3,076.06","","1.90%"
"06/15/2020","3,066.59","2,993.76","3,079.76","2,965.66","","0.83%"
"06/12/2020","3,041.31","3,071.04","3,088.42","2,984.47","","1.31%"
"06/11/2020","3,002.10","3,123.53","3,123.53","2,999.49","","-5.89%"
"06/10/2020","3,190.14","3,213.42","3,223.27","3,181.49","","-0.53%"
"06/09/2020","3,207.18","3,213.32","3,222.71","3,193.11","","-0.78%"
"06/08/2020","3,232.39","3,199.92","3,233.13","3,196.00","","1.20%"
"06/05/2020","3,193.93","3,163.84","3,211.72","3,163.84","","2.62%"
"06/04/2020","3,112.35","3,111.56","3,128.91","3,090.41","","-0.34%"
"06/03/2020","3,122.87","3,098.90","3,130.94","3,098.90","","1.36%"
"06/02/2020","3,080.82","3,064.78","3,081.07","3,051.64","","0.82%"
"06/01/2020","3,055.73","3,038.78","3,062.18","3,031.54","","0.38%"
"05/29/2020","3,044.31","3,025.17","3,049.17","2,998.61","","0.48%"
"05/28/2020","3,029.73","3,046.61","3,068.67","3,023.40","","-0.21%"
"05/27/2020","3,036.13","3,015.65","3,036.25","2,969.75","","1.48%"
"05/26/2020","2,991.77","3,004.08","3,021.72","2,988.17","","1.23%"
"05/22/2020","2,955.45","2,948.05","2,956.76","2,933.59","","0.24%"
"05/21/2020","2,948.51","2,969.95","2,978.50","2,938.57","","-0.78%"
"05/20/2020","2,971.61","2,953.63","2,980.29","2,953.63","","1.67%"
"05/19/2020","2,922.94","2,948.59","2,964.21","2,922.35","","-1.05%"
"05/18/2020","2,953.91","2,913.86","2,968.09","2,913.86","","3.15%"
"05/15/2020","2,863.70","2,829.95","2,865.01","2,816.78","","0.39%"
"05/14/2020","2,852.50","2,794.54","2,852.80","2,766.64","","1.15%"
"05/13/2020","2,820.00","2,865.86","2,874.14","2,793.15","","-1.75%"
"05/12/2020","2,870.12","2,939.50","2,945.82","2,869.59","","-2.05%"
"05/11/2020","2,930.32","2,915.46","2,944.25","2,903.44","","0.02%"
"05/08/2020","2,929.80","2,908.83","2,932.16","2,902.88","","1.69%"
"05/07/2020","2,881.19","2,878.26","2,901.92","2,876.48","","1.15%"
"05/06/2020","2,848.42","2,883.14","2,891.11","2,847.65","","-0.70%"
"05/05/2020","2,868.44","2,868.88","2,898.23","2,863.55","","0.90%"
"05/04/2020","2,842.74","2,815.01","2,844.24","2,797.85","","0.42%"
"05/01/2020","2,830.71","2,869.09","2,869.09","2,821.61","","-2.81%"
"04/30/2020","2,912.43","2,930.91","2,930.91","2,892.47","","-0.92%"
"04/29/2020","2,939.51","2,918.46","2,954.86","2,912.16","","2.66%"
"04/28/2020","2,863.39","2,909.96","2,921.15","2,860.71","","-0.52%"
"04/27/2020","2,878.48","2,854.65","2,887.72","2,852.89","","1.47%"
"04/24/2020","2,836.74","2,812.64","2,842.71","2,791.76","","1.39%"
"04/23/2020","2,797.80","2,810.42","2,844.90","2,794.26","","-0.05%"
"04/22/2020","2,799.31","2,787.89","2,815.10","2,775.95","","2.29%"
"04/21/2020","2,736.56","2,784.81","2,785.54","2,727.10","","-3.07%"
"04/20/2020","2,823.16","2,845.62","2,868.98","2,820.43","","-1.79%"
"04/17/2020","2,874.56","2,842.43","2,879.22","2,830.88","","2.68%"
"04/16/2020","2,799.55","2,799.34","2,806.51","2,764.32","","0.58%"
"04/15/2020","2,783.36","2,795.64","2,801.88","2,761.54","","-2.20%"
"04/14/2020","2,846.06","2,805.10","2,851.85","2,805.10","","3.06%"
"04/13/2020","2,761.63","2,782.46","2,782.46","2,721.17","","-1.01%"
"04/09/2020","2,789.82","2,776.99","2,818.57","2,762.36","","1.45%"
"04/08/2020","2,749.98","2,685.00","2,760.75","2,663.30","","3.41%"
"04/07/2020","2,659.41","2,738.65","2,756.89","2,657.67","","-0.16%"
"04/06/2020","2,663.68","2,578.28","2,676.85","2,574.57","","7.03%"
"04/03/2020","2,488.65","2,514.92","2,538.18","2,459.96","","-1.51%"
"04/02/2020","2,526.90","2,458.54","2,533.22","2,455.79","","2.28%"
"04/01/2020","2,470.50","2,498.08","2,522.75","2,447.49","","-4.41%"
"03/31/2020","2,584.59","2,614.69","2,641.39","2,571.15","","-1.60%"
"03/30/2020","2,626.65","2,558.98","2,631.80","2,545.28","","3.35%"
"03/27/2020","2,541.47","2,555.87","2,615.91","2,520.02","","-3.37%"
"03/26/2020","2,630.07","2,501.29","2,637.01","2,500.72","","6.24%"
"03/25/2020","2,475.56","2,457.77","2,571.42","2,407.53","","1.15%"
"03/24/2020","2,447.33","2,344.44","2,449.71","2,344.44","","9.38%"
"03/23/2020","2,237.40","2,290.71","2,300.73","2,191.86","","-2.93%"
"03/20/2020","2,304.92","2,431.94","2,453.01","2,295.56","","-4.34%"
"03/19/2020","2,409.39","2,393.48","2,466.97","2,319.78","","0.47%"
"03/18/2020","2,398.10","2,436.50","2,453.57","2,280.52","","-5.18%"
"03/17/2020","2,529.19","2,425.66","2,553.93","2,367.04","","6.00%"
"03/16/2020","2,386.13","2,508.59","2,562.98","2,380.94","","-11.98%"
"03/13/2020","2,711.02","2,569.99","2,711.33","2,492.37","","9.29%"
"03/12/2020","2,480.64","2,630.86","2,660.95","2,478.86","","-9.51%"
"03/11/2020","2,741.38","2,825.60","2,825.60","2,707.22","","-4.89%"
"03/10/2020","2,882.23","2,813.48","2,882.59","2,734.00","","4.94%"
"03/09/2020","2,746.56","2,863.89","2,863.89","2,734.43","","-7.60%"
"03/06/2020","2,972.37","2,954.20","2,985.93","2,901.54","","-1.71%"
"03/05/2020","3,023.94","3,075.70","3,083.04","2,999.83","","-3.39%"
"03/04/2020","3,130.12","3,045.75","3,130.97","3,034.38","","4.22%"
"03/03/2020","3,003.37","3,096.46","3,136.72","2,976.63","","-2.81%"
"03/02/2020","3,090.23","2,974.28","3,090.96","2,945.19","","4.60%"
"02/28/2020","2,954.22","2,916.90","2,959.72","2,855.84","","-0.82%"
"02/27/2020","2,978.76","3,062.54","3,097.07","2,977.39","","-4.42%"
"02/26/2020","3,116.39","3,139.90","3,182.51","3,108.99","","-0.38%"
"02/25/2020","3,128.21","3,238.94","3,246.99","3,118.77","","-3.03%"
"02/24/2020","3,225.89","3,257.61","3,259.81","3,214.65","","-3.35%"
"02/21/2020","3,337.75","3,360.50","3,360.76","3,328.45","","-1.05%"
"02/20/2020","3,373.23","3,380.45","3,389.15","3,341.02","","-0.38%"
"02/19/2020","3,386.15","3,380.39","3,393.52","3,378.83","","0.47%"
"02/18/2020","3,370.29","3,369.04","3,375.01","3,355.61","","-0.29%"
"02/14/2020","3,380.16","3,378.08","3,380.69","3,366.15","","0.18%"
"02/13/2020","3,373.94","3,365.90","3,385.09","3,360.52","","-0.16%"
"02/12/2020","3,379.45","3,370.50","3,381.47","3,369.72","","0.65%"
"02/11/2020","3,357.75","3,365.87","3,375.63","3,352.72","","0.17%"
"02/10/2020","3,352.09","3,318.28","3,352.26","3,317.77","","0.73%"
"02/07/2020","3,327.71","3,335.54","3,341.42","3,322.12","","-0.54%"
"02/06/2020","3,345.78","3,344.92","3,347.96","3,334.39","","0.33%"
"02/05/2020","3,334.69","3,324.91","3,337.58","3,313.75","","1.13%"
"02/04/2020","3,297.59","3,280.61","3,306.92","3,280.61","","1.50%"
"02/03/2020","3,248.92","3,235.66","3,268.44","3,235.66","","0.73%"
"01/31/2020","3,225.52","3,282.33","3,282.33","3,214.68","","-1.77%"
"01/30/2020","3,283.66","3,256.45","3,285.91","3,242.80","","0.31%"
"01/29/2020","3,273.40","3,289.46","3,293.47","3,271.89","","-0.09%"
"01/28/2020","3,276.24","3,255.35","3,285.78","3,253.22","","1.01%"
"01/27/2020","3,243.63","3,247.16","3,258.85","3,234.50","","-1.57%"
"01/24/2020","3,295.47","3,333.10","3,333.18","3,281.53","","-0.90%"
"01/23/2020","3,325.54","3,315.77","3,326.88","3,301.87","","0.11%"
"01/22/2020","3,321.75","3,330.02","3,337.77","3,320.04","","0.03%"
"01/21/2020","3,320.79","3,321.03","3,329.79","3,316.61","","-0.27%"
"01/17/2020","3,329.62","3,323.66","3,329.88","3,318.86","","0.39%"
"01/16/2020","3,316.81","3,302.97","3,317.11","3,302.82","","0.84%"
"01/15/2020","3,289.29","3,282.27","3,298.66","3,280.69","","0.19%"
"01/14/2020","3,283.15","3,285.35","3,294.25","3,277.19","","-0.15%"
"01/13/2020","3,288.13","3,271.13","3,288.13","3,268.43","","0.70%"
"01/10/2020","3,265.35","3,281.81","3,282.99","3,260.86","","-0.29%"
"01/09/2020","3,274.70","3,266.03","3,275.58","3,263.67","","0.67%"
"01/08/2020","3,253.05","3,238.59","3,267.07","3,236.67","","0.49%"
"01/07/2020","3,237.18","3,241.86","3,244.91","3,232.43","","-0.28%"
"01/06/2020","3,246.28","3,217.55","3,246.84","3,214.64","","0.35%"
"01/03/2020","3,234.85","3,226.36","3,246.15","3,222.34","","-0.71%"
"01/02/2020","3,257.85","3,244.67","3,258.14","3,235.53","","0.84%"
"12/31/2019","3,230.78","3,215.18","3,231.72","3,212.03","","0.29%"
"12/30/2019","3,221.29","3,240.09","3,240.92","3,216.57","","-0.58%"
"12/27/2019","3,240.02","3,247.23","3,247.93","3,234.37","","0.00%"
"12/26/2019","3,239.91","3,227.20","3,240.08","3,227.20","","0.51%"
"12/24/2019","3,223.38","3,225.45","3,226.43","3,220.51","","-0.02%"
"12/23/2019","3,224.01","3,226.05","3,227.78","3,222.30","","0.09%"
"12/20/2019","3,221.22","3,223.33","3,225.65","3,216.03","","0.49%"
"12/19/2019","3,205.37","3,192.32","3,205.48","3,192.32","","0.45%"
"12/18/2019","3,191.14","3,195.21","3,198.48","3,191.14","","-0.04%"
"12/17/2019","3,192.52","3,195.40","3,198.22","3,191.03","","0.03%"
"12/16/2019","3,191.45","3,183.63","3,197.71","3,183.63","","0.71%"
"12/13/2019","3,168.80","3,166.65","3,182.68","3,156.51","","0.01%"
"12/12/2019","3,168.57","3,141.23","3,176.28","3,138.47","","0.86%"
"12/11/2019","3,141.63","3,135.75","3,143.98","3,133.21","","0.29%"
"12/10/2019","3,132.52","3,135.36","3,142.12","3,126.09","","-0.11%"
"12/09/2019","3,135.96","3,141.86","3,148.87","3,135.46","","-0.32%"
"12/06/2019","3,145.91","3,134.62","3,150.60","3,134.62","","0.91%"
"12/05/2019","3,117.43","3,119.21","3,119.45","3,103.76","","0.15%"
"12/04/2019","3,112.76","3,103.50","3,119.38","3,102.53","","0.63%"
"12/03/2019","3,093.20","3,087.41","3,094.97","3,070.33","","-0.66%"
"12/02/2019","3,113.87","3,143.85","3,144.31","3,110.78","","-0.86%"
"11/29/2019","3,140.98","3,147.18","3,150.30","3,139.34","","-0.40%"
"11/27/2019","3,153.63","3,145.49","3,154.26","3,143.41","","0.42%"
"11/26/2019","3,140.52","3,134.85","3,142.69","3,131.00","","0.22%"
"11/25/2019","3,133.64","3,117.44","3,133.83","3,117.44","","0.75%"
"11/22/2019","3,110.29","3,111.41","3,112.87","3,099.26","","0.22%"
"11/21/2019","3,103.54","3,108.49","3,110.11","3,094.55","","-0.16%"
"11/20/2019","3,108.46","3,114.66","3,118.97","3,091.41","","-0.38%"
"11/19/2019","3,120.18","3,127.45","3,127.64","3,113.47","","-0.06%"
"11/18/2019","3,122.03","3,117.91","3,124.17","3,112.06","","0.05%"
"11/15/2019","3,120.46","3,107.92","3,120.46","3,104.60","","0.77%"
"11/14/2019","3,096.63","3,090.75","3,098.20","3,083.26","","0.08%"
"11/13/2019","3,094.04","3,084.18","3,098.06","3,078.80","","0.07%"
"11/12/2019","3,091.84","3,089.28","3,102.61","3,084.73","","0.16%"
"11/11/2019","3,087.01","3,080.33","3,088.33","3,075.82","","-0.20%"
"11/08/2019","3,093.08","3,081.25","3,093.09","3,073.58","","0.26%"
"11/07/2019","3,085.18","3,087.02","3,097.77","3,080.23","","0.27%"
"11/06/2019","3,076.78","3,075.10","3,078.34","3,065.89","","0.07%"
"11/05/2019","3,074.62","3,080.80","3,083.95","3,072.15","","-0.12%"
"11/04/2019","3,078.27","3,078.96","3,085.20","3,074.87","","0.37%"
"11/01/2019","3,066.91","3,050.72","3,066.95","3,050.72","","0.97%"
"10/31/2019","3,037.56","3,046.90","3,046.90","3,023.19","","-0.30%"
"10/30/2019","3,046.77","3,039.74","3,050.10","3,025.96","","0.33%"
"10/29/2019","3,036.89","3,035.39","3,047.87","3,034.81","","-0.08%"
"10/28/2019","3,039.42","3,032.12","3,044.08","3,032.12","","0.56%"
"10/25/2019","3,022.55","3,003.32","3,027.39","3,001.94","","0.41%"
"10/24/2019","3,010.29","3,014.78","3,016.07","3,000.42","","0.19%"
"10/23/2019","3,004.52","2,994.01","3,004.78","2,991.21","","0.28%"
"10/22/2019","2,995.99","3,010.73","3,014.57","2,995.04","","-0.36%"
"10/21/2019","3,006.72","2,996.48","3,007.33","2,995.35","","0.69%"
"10/18/2019","2,986.20","2,996.84","3,000.00","2,976.31","","-0.39%"
"10/17/2019","2,997.95","3,000.77","3,008.29","2,991.79","","0.28%"
"10/16/2019","2,989.69","2,989.68","2,997.54","2,985.20","","-0.20%"
"10/15/2019","2,995.68","2,973.61","3,003.28","2,973.61","","1.00%"
"10/14/2019","2,966.15","2,965.81","2,972.84","2,962.94","","-0.14%"
"10/11/2019","2,970.27","2,963.07","2,993.28","2,963.07","","1.09%"
"10/10/2019","2,938.13","2,918.55","2,948.46","2,917.12","","0.64%"
"10/09/2019","2,919.40","2,911.10","2,929.32","2,907.41","","0.91%"
"10/08/2019","2,893.06","2,920.40","2,925.47","2,892.66","","-1.56%"
"10/07/2019","2,938.79","2,944.23","2,959.75","2,935.68","","-0.45%"
"10/04/2019","2,952.01","2,918.56","2,953.74","2,918.56","","1.42%"
"10/03/2019","2,910.63","2,885.38","2,911.13","2,855.94","","0.80%"
"10/02/2019","2,887.61","2,924.78","2,924.78","2,874.93","","-1.79%"
"10/01/2019","2,940.25","2,983.69","2,992.53","2,938.70","","-1.23%"
"09/30/2019","2,976.74","2,967.07","2,983.85","2,967.07","","0.50%"
"09/27/2019","2,961.79","2,985.47","2,987.31","2,945.53","","-0.53%"
"09/26/2019","2,977.62","2,985.73","2,987.28","2,963.71","","-0.24%"
"09/25/2019","2,984.87","2,968.35","2,989.82","2,952.86","","0.62%"
"09/24/2019","2,966.60","3,002.43","3,007.98","2,957.73","","-0.84%"
"09/23/2019","2,991.78","2,983.50","2,999.15","2,982.23","","-0.01%"
"09/20/2019","2,992.07","3,008.42","3,016.37","2,984.68","","-0.49%"
"09/19/2019","3,006.79","3,010.36","3,021.99","3,003.16","","0.00%"
"09/18/2019","3,006.73","3,001.50","3,007.83","2,978.57","","0.03%"
"09/17/2019","3,005.70","2,995.67","3,006.21","2,993.73","","0.26%"
"09/16/2019","2,997.96","2,996.41","3,002.19","2,990.67","","-0.31%"
"09/13/2019","3,007.39","3,012.21","3,017.33","3,002.90","","-0.07%"
"09/12/2019","3,009.57","3,009.08","3,020.74","3,000.92","","0.29%"
"09/11/2019","3,000.93","2,981.41","3,000.93","2,975.31","","0.72%"
"09/10/2019","2,979.39","2,971.01","2,979.39","2,957.01","","0.03%"
"09/09/2019","2,978.43","2,988.43","2,989.43","2,969.39","","-0.01%"
"09/06/2019","2,978.71","2,980.33","2,985.03","2,972.51","","0.09%"
"09/05/2019","2,976.00","2,960.60","2,985.86","2,960.60","","1.30%"
"09/04/2019","2,937.78","2,924.67","2,938.84","2,921.86","","1.08%"
"09/03/2019","2,906.27","2,909.01","2,914.39","2,891.85","","-0.69%"
"08/30/2019","2,926.46","2,937.09","2,940.43","2,913.32","","0.06%"
"08/29/2019","2,924.58","2,910.37","2,930.50","2,905.67","","1.27%"
"08/28/2019","2,887.94","2,861.28","2,890.03","2,853.05","","0.65%"
"08/27/2019","2,869.16","2,893.14","2,898.79","2,860.59","","-0.32%"
"08/26/2019","2,878.38","2,866.70","2,879.27","2,856.00","","1.10%"
"08/23/2019","2,847.11","2,911.07","2,927.01","2,834.97","","-2.59%"
"08/22/2019","2,922.95","2,930.94","2,939.08","2,904.51","","-0.05%"
"08/21/2019","2,924.43","2,922.04","2,928.73","2,917.91","","0.82%"
"08/20/2019","2,900.51","2,919.01","2,923.63","2,899.60","","-0.79%"
"08/19/2019","2,923.65","2,913.48","2,931.00","2,913.48","","1.21%"
"08/16/2019","2,888.68","2,864.74","2,893.63","2,864.74","","1.44%"
"08/15/2019","2,847.60","2,846.20","2,856.67","2,825.51","","0.25%"
"08/14/2019","2,840.60","2,894.15","2,894.15","2,839.64","","-2.93%"
"08/13/2019","2,926.32","2,880.72","2,943.31","2,877.05","","1.48%"
"08/12/2019","2,883.75","2,907.07","2,907.58","2,873.14","","-1.20%"
"08/09/2019","2,918.65","2,930.51","2,935.75","2,900.15","","-0.66%"
"08/08/2019","2,938.09","2,896.21","2,938.72","2,894.47","","1.88%"
"08/07/2019","2,883.98","2,858.65","2,892.17","2,825.71","","0.08%"
"08/06/2019","2,881.77","2,861.18","2,884.40","2,847.42","","1.30%"
"08/05/2019","2,844.74","2,898.07","2,898.07","2,822.12","","-2.98%"
"08/02/2019","2,932.05","2,943.90","2,945.50","2,914.11","","-0.73%"
"08/01/2019","2,953.56","2,980.32","3,013.59","2,945.23","","-0.90%"
"07/31/2019","2,980.38","3,016.22","3,017.40","2,958.08","","-1.09%"
"07/30/2019","3,013.18","3,007.66","3,017.19","3,000.94","","-0.26%"
"07/29/2019","3,020.97","3,024.47","3,025.61","3,014.30","","-0.16%"
"07/26/2019","3,025.86","3,013.25","3,027.98","3,012.59","","0.74%"
"07/25/2019","3,003.67","3,016.26","3,016.31","2,997.24","","-0.53%"
"07/24/2019","3,019.56","2,998.77","3,019.59","2,996.82","","0.47%"
"07/23/2019","3,005.47","2,994.74","3,005.90","2,988.56","","0.68%"
"07/22/2019","2,985.03","2,981.93","2,990.71","2,976.65","","0.28%"
"07/19/2019","2,976.61","3,004.26","3,006.02","2,975.86","","-0.62%"
"07/18/2019","2,995.11","2,978.87","2,998.28","2,973.09","","0.36%"
"07/17/2019","2,984.42","3,005.10","3,005.26","2,984.25","","-0.65%"
"07/16/2019","3,004.04","3,012.13","3,015.02","3,001.15","","-0.34%"
"07/15/2019","3,014.30","3,017.80","3,017.80","3,008.77","","0.02%"
"07/12/2019","3,013.77","3,003.36","3,013.92","3,001.87","","0.46%"
"07/11/2019","2,999.91","2,999.62","3,002.33","2,988.80","","0.23%"
"07/10/2019","2,993.07","2,989.30","3,002.98","2,984.62","","0.45%"
"07/09/2019","2,979.63","2,965.52","2,981.90","2,963.44","","0.12%"
"07/08/2019","2,975.95","2,979.77","2,980.76","2,970.09","","-0.48%"
"07/05/2019","2,990.41","2,984.25","2,994.03","2,967.97","","-0.18%"
"07/03/2019","2,995.82","2,978.08","2,995.84","2,977.96","","0.77%"
"07/02/2019","2,973.01","2,964.66","2,973.21","2,955.92","","0.29%"
"07/01/2019","2,964.33","2,971.41","2,977.93","2,952.22","","0.77%"
"06/28/2019","2,941.76","2,932.94","2,943.98","2,929.05","","0.58%"
"06/27/2019","2,924.92","2,919.66","2,929.30","2,918.57","","0.38%"
"06/26/2019","2,913.78","2,926.07","2,932.59","2,912.99","","-0.12%"
"06/25/2019","2,917.38","2,945.78","2,946.52","2,916.01","","-0.95%"
"06/24/2019","2,945.35","2,951.42","2,954.92","2,944.05","","-0.17%"
"06/21/2019","2,950.46","2,952.71","2,964.15","2,946.87","","-0.13%"
"06/20/2019","2,954.18","2,949.60","2,958.06","2,931.50","","0.95%"
"06/19/2019","2,926.46","2,920.55","2,931.74","2,911.43","","0.30%"
"06/18/2019","2,917.75","2,906.71","2,930.79","2,905.44","","0.97%"
"06/17/2019","2,889.67","2,889.75","2,897.27","2,887.30","","0.09%"
"06/14/2019","2,886.98","2,886.82","2,894.45","2,879.62","","-0.16%"
"06/13/2019","2,891.64","2,886.24","2,895.24","2,881.99","","0.41%"
"06/12/2019","2,879.84","2,882.73","2,888.57","2,874.68","","-0.20%"
"06/11/2019","2,885.72","2,903.27","2,910.61","2,878.53","","-0.03%"
"06/10/2019","2,886.73","2,885.83","2,904.77","2,885.51","","0.47%"
"06/07/2019","2,873.34","2,852.87","2,884.97","2,852.87","","1.05%"
"06/06/2019","2,843.49","2,828.51","2,852.10","2,822.45","","0.61%"
"06/05/2019","2,826.15","2,818.09","2,827.28","2,800.92","","0.82%"
"06/04/2019","2,803.27","2,762.64","2,804.49","2,762.64","","2.14%"
"06/03/2019","2,744.45","2,751.53","2,763.07","2,728.81","","-0.28%"
"05/31/2019","2,752.06","2,766.15","2,768.98","2,750.52","","-1.32%"
"05/30/2019","2,788.86","2,786.94","2,799.00","2,776.74","","0.21%"
"05/29/2019","2,783.02","2,790.25","2,792.03","2,766.06","","-0.69%"
"05/28/2019","2,802.39","2,830.03","2,840.51","2,801.58","","-0.84%"
"05/24/2019","2,826.06","2,832.41","2,841.36","2,820.19","","0.14%"
"05/23/2019","2,822.24","2,836.70","2,836.70","2,805.49","","-1.19%"
"05/22/2019","2,856.27","2,856.06","2,865.47","2,851.11","","-0.28%"
"05/21/2019","2,864.36","2,854.02","2,868.88","2,854.02","","0.85%"
"05/20/2019","2,840.23","2,841.94","2,853.86","2,831.29","","-0.67%"
"05/17/2019","2,859.53","2,858.60","2,885.48","2,854.23","","-0.58%"
"05/16/2019","2,876.32","2,855.80","2,892.15","2,855.80","","0.89%"
"05/15/2019","2,850.96","2,820.38","2,858.68","2,815.08","","0.58%"
"05/14/2019","2,834.41","2,820.12","2,852.54","2,820.12","","0.80%"
"05/13/2019","2,811.87","2,840.19","2,840.19","2,801.43","","-2.41%"
"05/10/2019","2,881.40","2,863.10","2,891.31","2,825.39","","0.37%"
"05/09/2019","2,870.72","2,859.84","2,875.97","2,836.40","","-0.30%"
"05/08/2019","2,879.42","2,879.61","2,897.96","2,873.28","","-0.16%"
"05/07/2019","2,884.05","2,913.03","2,913.03","2,862.60","","-1.65%"
"05/06/2019","2,932.47","2,908.89","2,937.32","2,898.21","","-0.45%"
"05/03/2019","2,945.64","2,929.21","2,947.85","2,929.21","","0.96%"
"05/02/2019","2,917.52","2,922.16","2,931.68","2,900.50","","-0.21%"
"05/01/2019","2,923.73","2,952.33","2,954.13","2,923.36","","-0.75%"
"04/30/2019","2,945.83","2,937.14","2,948.22","2,924.11","","0.10%"
"04/29/2019","2,943.03","2,940.58","2,949.52","2,939.35","","0.11%"
"04/26/2019","2,939.88","2,925.81","2,939.88","2,917.56","","0.47%"
"04/25/2019","2,926.17","2,928.99","2,933.10","2,912.84","","-0.04%"
"04/24/2019","2,927.25","2,934.00","2,936.83","2,926.05","","-0.22%"
"04/23/2019","2,933.68","2,909.99","2,936.31","2,908.53","","0.88%"
"04/22/2019","2,907.97","2,898.78","2,909.51","2,896.35","","0.10%"
"04/18/2019","2,905.03","2,904.81","2,908.40","2,891.90","","0.16%"
"04/17/2019","2,900.45","2,916.04","2,918.00","2,895.45","","-0.23%"
"04/16/2019","2,907.06","2,912.26","2,916.06","2,900.71","","0.05%"
"04/15/2019","2,905.58","2,908.32","2,909.60","2,896.48","","-0.06%"
"04/12/2019","2,907.41","2,900.86","2,910.54","2,898.37","","0.66%"
"04/11/2019","2,888.32","2,891.92","2,893.42","2,881.99","","0.00%"
"04/10/2019","2,888.21","2,881.37","2,889.71","2,879.13","","0.35%"
"04/09/2019","2,878.20","2,886.58","2,886.88","2,873.33","","-0.61%"
"04/08/2019","2,895.77","2,888.46","2,895.95","2,880.78","","0.10%"
"04/05/2019","2,892.74","2,884.16","2,893.24","2,882.99","","0.46%"
"04/04/2019","2,879.39","2,873.99","2,881.28","2,867.14","","0.21%"
"04/03/2019","2,873.40","2,876.09","2,885.25","2,865.17","","0.21%"
"04/02/2019","2,867.24","2,868.24","2,872.90","2,858.75","","0.00%"
"04/01/2019","2,867.19","2,848.63","2,869.40","2,848.63","","1.16%"
"03/29/2019","2,834.40","2,828.27","2,836.03","2,819.23","","0.67%"
"03/28/2019","2,815.44","2,809.40","2,819.71","2,798.77","","0.36%"
"03/27/2019","2,805.37","2,819.72","2,825.56","2,787.72","","-0.46%"
"03/26/2019","2,818.46","2,812.66","2,829.87","2,803.99","","0.72%"
"03/25/2019","2,798.36","2,796.01","2,809.79","2,785.02","","-0.08%"
"03/22/2019","2,800.71","2,844.52","2,846.16","2,800.47","","-1.90%"
"03/21/2019","2,854.88","2,819.72","2,860.31","2,817.38","","1.09%"
"03/20/2019","2,824.23","2,831.34","2,843.54","2,812.43","","-0.29%"
"03/19/2019","2,832.57","2,840.76","2,852.42","2,823.27","","-0.01%"
"03/18/2019","2,832.94","2,822.61","2,835.41","2,821.99","","0.37%"
"03/15/2019","2,822.48","2,810.79","2,830.73","2,810.79","","0.50%"
"03/14/2019","2,808.48","2,810.38","2,815.00","2,803.46","","-0.09%"
"03/13/2019","2,810.92","2,799.78","2,821.24","2,799.78","","0.69%"
"03/12/2019","2,791.52","2,787.34","2,798.32","2,786.73","","0.30%"
"03/11/2019","2,783.30","2,747.61","2,784.00","2,747.61","","1.47%"
"03/08/2019","2,743.07","2,730.79","2,744.13","2,722.27","","-0.21%"
"03/07/2019","2,748.93","2,766.53","2,767.25","2,739.09","","-0.81%"
"03/06/2019","2,771.45","2,790.27","2,790.27","2,768.69","","-0.65%"
"03/05/2019","2,789.65","2,794.41","2,796.44","2,782.97","","-0.11%"
"03/04/2019","2,792.81","2,814.37","2,816.88","2,767.66","","-0.39%"
"03/01/2019","2,803.69","2,798.22","2,808.02","2,787.38","","0.69%"
"02/28/2019","2,784.49","2,788.11","2,793.73","2,782.51","","-0.28%"
"02/27/2019","2,792.38","2,787.50","2,795.76","2,775.13","","-0.05%"
"02/26/2019","2,793.90","2,792.36","2,803.12","2,789.47","","-0.08%"
"02/25/2019","2,796.11","2,804.35","2,813.49","2,794.99","","0.12%"
"02/22/2019","2,792.67","2,780.67","2,794.20","2,779.11","","0.64%"
"02/21/2019","2,774.88","2,780.24","2,781.58","2,764.55","","-0.35%"
"02/20/2019","2,784.70","2,779.05","2,789.88","2,774.06","","0.18%"
"02/19/2019","2,779.76","2,769.28","2,787.33","2,767.29","","0.15%"
"02/15/2019","2,775.60","2,760.24","2,775.66","2,760.24","","1.09%"
"02/14/2019","2,745.73","2,743.50","2,757.90","2,731.23","","-0.27%"
"02/13/2019","2,753.03","2,750.30","2,761.85","2,748.63","","0.30%"
"02/12/2019","2,744.73","2,722.61","2,748.19","2,722.61","","1.29%"
"02/11/2019","2,709.80","2,712.40","2,718.05","2,703.79","","0.07%"
"02/08/2019","2,707.88","2,692.36","2,708.07","2,681.83","","0.07%"
"02/07/2019","2,706.05","2,717.53","2,719.32","2,687.26","","-0.94%"
"02/06/2019","2,731.61","2,735.05","2,738.08","2,724.15","","-0.22%"
"02/05/2019","2,737.70","2,728.34","2,738.98","2,724.03","","0.47%"
"02/04/2019","2,724.87","2,706.49","2,724.99","2,698.75","","0.68%"
"02/01/2019","2,706.53","2,702.32","2,716.66","2,696.88","","0.09%"
"01/31/2019","2,704.10","2,685.49","2,708.95","2,678.65","","0.86%"
"01/30/2019","2,681.05","2,653.62","2,690.44","2,648.34","","1.55%"
"01/29/2019","2,640.00","2,644.89","2,650.93","2,631.05","","-0.15%"
"01/28/2019","2,643.85","2,644.97","2,644.97","2,624.06","","-0.78%"
"01/25/2019","2,664.76","2,657.44","2,672.38","2,657.33","","0.85%"
"01/24/2019","2,642.33","2,638.84","2,647.20","2,627.01","","0.14%"
"01/23/2019","2,638.70","2,643.48","2,653.19","2,612.86","","0.22%"
"01/22/2019","2,632.90","2,657.88","2,657.88","2,617.27","","-1.42%"
"01/18/2019","2,670.71","2,651.27","2,675.47","2,647.58","","1.32%"
"01/17/2019","2,635.96","2,609.28","2,645.06","2,606.36","","0.76%"
"01/16/2019","2,616.10","2,614.75","2,625.76","2,612.68","","0.22%"
"01/15/2019","2,610.30","2,585.10","2,613.08","2,585.10","","1.07%"
"01/14/2019","2,582.61","2,580.31","2,589.32","2,570.41","","-0.53%"
"01/11/2019","2,596.26","2,588.11","2,596.27","2,577.40","","-0.01%"
"01/10/2019","2,596.64","2,573.51","2,597.82","2,562.02","","0.45%"
"01/09/2019","2,584.96","2,580.00","2,595.32","2,568.89","","0.41%"
"01/08/2019","2,574.41","2,568.11","2,579.82","2,547.56","","0.97%"
"01/07/2019","2,549.69","2,535.61","2,566.16","2,524.56","","0.70%"
"01/04/2019","2,531.94","2,474.33","2,538.07","2,474.33","","3.43%"
"01/03/2019","2,447.89","2,491.92","2,493.14","2,443.96","","-2.48%"
"01/02/2019","2,510.03","2,476.96","2,519.49","2,467.47","","0.13%"
"12/31/2018","2,506.85","2,498.94","2,509.24","2,482.82","","0.85%"
"12/28/2018","2,485.74","2,498.77","2,520.27","2,472.89","","-0.12%"
"12/27/2018","2,488.83","2,442.50","2,489.10","2,397.94","","0.86%"
"12/26/2018","2,467.70","2,363.12","2,467.76","2,346.58","","4.96%"
"12/24/2018","2,351.10","2,400.56","2,410.34","2,351.10","","-2.71%"
"12/21/2018","2,416.62","2,465.38","2,504.41","2,408.55","","-2.06%"
"12/20/2018","2,467.42","2,496.77","2,509.63","2,441.18","","-1.58%"
"12/19/2018","2,506.96","2,547.05","2,585.29","2,488.96","","-1.54%"
"12/18/2018","2,546.16","2,559.90","2,573.99","2,528.71","","0.01%"
"12/17/2018","2,545.94","2,590.75","2,601.13","2,530.54","","-2.08%"
"12/14/2018","2,599.95","2,629.68","2,635.07","2,593.84","","-1.91%"
"12/13/2018","2,650.54","2,658.70","2,670.19","2,637.27","","-0.02%"
"12/12/2018","2,651.07","2,658.23","2,685.44","2,650.26","","0.54%"
"12/11/2018","2,636.78","2,664.44","2,674.35","2,621.30","","-0.04%"
"12/10/2018","2,637.72","2,630.86","2,647.51","2,583.23","","0.18%"
"12/07/2018","2,633.08","2,691.26","2,708.54","2,623.14","","-2.33%"
"12/06/2018","2,695.95","2,663.51","2,696.15","2,621.53","","-0.15%"
"12/04/2018","2,700.06","2,782.43","2,785.93","2,697.18","","-3.24%"
"12/03/2018","2,790.37","2,790.50","2,800.18","2,773.38","","1.09%"
"11/30/2018","2,760.17","2,737.76","2,760.88","2,732.76","","0.82%"
"11/29/2018","2,737.76","2,736.97","2,753.75","2,722.94","","-0.22%"
"11/28/2018","2,743.79","2,691.45","2,744.00","2,684.38","","2.30%"
"11/27/2018","2,682.17","2,663.75","2,682.53","2,655.89","","0.33%"
"11/26/2018","2,673.45","2,649.97","2,674.35","2,649.97","","1.55%"
"11/23/2018","2,632.56","2,633.36","2,647.55","2,631.09","","-0.66%"
"11/21/2018","2,649.93","2,657.74","2,670.73","2,649.82","","0.30%"
"11/20/2018","2,641.89","2,654.60","2,669.44","2,631.52","","-1.82%"
"11/19/2018","2,690.73","2,730.74","2,733.16","2,681.09","","-1.66%"
"11/16/2018","2,736.27","2,718.54","2,746.75","2,712.16","","0.22%"
"11/15/2018","2,730.20","2,693.52","2,735.38","2,670.75","","1.06%"
"11/14/2018","2,701.58","2,737.90","2,746.80","2,685.75","","-0.76%"
"11/13/2018","2,722.18","2,730.05","2,754.60","2,714.98","","-0.15%"
"11/12/2018","2,726.22","2,773.93","2,775.99","2,722.00","","-1.97%"
"11/09/2018","2,781.01","2,794.10","2,794.10","2,764.24","","-0.92%"
"11/08/2018","2,806.83","2,806.38","2,814.75","2,794.99","","-0.25%"
"11/07/2018","2,813.89","2,774.13","2,815.15","2,774.13","","2.12%"
"11/06/2018","2,755.45","2,738.40","2,756.82","2,737.08","","0.63%"
"11/05/2018","2,738.31","2,726.37","2,744.27","2,717.94","","0.56%"
"11/02/2018","2,723.06","2,745.45","2,756.55","2,700.44","","-0.63%"
"11/01/2018","2,740.37","2,717.58","2,741.67","2,708.85","","1.06%"
"10/31/2018","2,711.74","2,705.60","2,736.69","2,705.60","","1.09%"
"10/30/2018","2,682.63","2,640.68","2,685.43","2,635.34","","1.57%"
"10/29/2018","2,641.25","2,682.65","2,706.85","2,603.54","","-0.66%"
"10/26/2018","2,658.69","2,667.86","2,692.38","2,628.16","","-1.73%"
"10/25/2018","2,705.57","2,674.88","2,722.70","2,667.84","","1.86%"
"10/24/2018","2,656.10","2,737.87","2,742.59","2,651.89","","-3.09%"
"10/23/2018","2,740.69","2,721.03","2,753.59","2,691.43","","-0.55%"
"10/22/2018","2,755.88","2,773.94","2,778.94","2,749.22","","-0.43%"
"10/19/2018","2,767.78","2,775.66","2,797.77","2,760.27","","-0.04%"
"10/18/2018","2,768.78","2,802.00","2,806.04","2,755.18","","-1.44%"
"10/17/2018","2,809.21","2,811.67","2,816.94","2,781.81","","-0.03%"
"10/16/2018","2,809.92","2,767.05","2,813.46","2,766.91","","2.15%"
"10/15/2018","2,750.79","2,763.83","2,775.99","2,749.03","","-0.59%"
"10/12/2018","2,767.13","2,770.54","2,775.77","2,729.44","","1.42%"
"10/11/2018","2,728.37","2,776.87","2,795.14","2,710.51","","-2.06%"
"10/10/2018","2,785.68","2,873.90","2,874.02","2,784.86","","-3.29%"
"10/09/2018","2,880.34","2,882.51","2,894.83","2,874.27","","-0.14%"
"10/08/2018","2,884.43","2,877.53","2,889.45","2,862.08","","-0.04%"
"10/05/2018","2,885.57","2,902.54","2,909.64","2,869.29","","-0.55%"
"10/04/2018","2,901.61","2,919.35","2,919.78","2,883.92","","-0.82%"
"10/03/2018","2,925.51","2,931.69","2,939.86","2,921.36","","0.07%"
"10/02/2018","2,923.43","2,923.80","2,931.42","2,919.37","","-0.04%"
"10/01/2018","2,924.59","2,926.29","2,937.06","2,917.91","","0.36%"
"09/28/2018","2,913.98","2,910.03","2,920.53","2,907.50","","0.00%"
"09/27/2018","2,914.00","2,911.65","2,927.22","2,909.27","","0.28%"
"09/26/2018","2,905.97","2,916.98","2,931.15","2,903.28","","-0.33%"
"09/25/2018","2,915.56","2,921.75","2,923.95","2,913.70","","-0.13%"
"09/24/2018","2,919.37","2,921.83","2,923.79","2,912.63","","-0.35%"
"09/21/2018","2,929.67","2,936.76","2,940.91","2,927.11","","-0.04%"
"09/20/2018","2,930.75","2,919.73","2,934.80","2,919.73","","0.78%"
"09/19/2018","2,907.95","2,906.60","2,912.36","2,903.82","","0.13%"
"09/18/2018","2,904.31","2,890.74","2,911.17","2,890.43","","0.54%"
"09/17/2018","2,888.80","2,903.83","2,904.65","2,886.16","","-0.56%"
"09/14/2018","2,904.98","2,906.38","2,908.30","2,895.77","","0.03%"
"09/13/2018","2,904.18","2,896.85","2,906.76","2,896.39","","0.53%"
"09/12/2018","2,888.92","2,888.29","2,894.65","2,879.20","","0.04%"
"09/11/2018","2,887.89","2,871.57","2,892.52","2,866.78","","0.37%"
"09/10/2018","2,877.13","2,881.39","2,886.93","2,875.94","","0.19%"
"09/07/2018","2,871.68","2,868.26","2,883.81","2,864.12","","-0.22%"
"09/06/2018","2,878.05","2,888.64","2,892.05","2,867.29","","-0.37%"
"09/05/2018","2,888.60","2,891.59","2,894.21","2,876.92","","-0.28%"
"09/04/2018","2,896.72","2,896.96","2,900.18","2,885.13","","-0.17%"
"08/31/2018","2,901.52","2,898.37","2,906.32","2,891.73","","0.01%"
"08/30/2018","2,901.13","2,908.94","2,912.46","2,895.22","","-0.44%"
"08/29/2018","2,914.04","2,900.62","2,916.50","2,898.40","","0.57%"
"08/28/2018","2,897.52","2,901.45","2,903.77","2,893.50","","0.03%"
"08/27/2018","2,896.74","2,884.69","2,898.25","2,884.69","","0.77%"
"08/24/2018","2,874.69","2,862.35","2,876.16","2,862.35","","0.62%"
"08/23/2018","2,856.98","2,860.29","2,868.78","2,854.03","","-0.17%"
"08/22/2018","2,861.82","2,860.99","2,867.54","2,856.05","","-0.04%"
"08/21/2018","2,862.96","2,861.51","2,873.23","2,861.32","","0.21%"
"08/20/2018","2,857.05","2,853.93","2,859.76","2,850.62","","0.24%"
"08/17/2018","2,850.13","2,838.32","2,855.63","2,833.73","","0.33%"
"08/16/2018","2,840.69","2,831.44","2,850.49","2,831.44","","0.79%"
"08/15/2018","2,818.37","2,827.95","2,827.95","2,802.49","","-0.76%"
"08/14/2018","2,839.96","2,827.88","2,843.11","2,826.58","","0.64%"
"08/13/2018","2,821.93","2,835.46","2,843.40","2,819.88","","-0.40%"
"08/10/2018","2,833.28","2,839.64","2,842.20","2,825.81","","-0.71%"
"08/09/2018","2,853.58","2,857.19","2,862.48","2,851.98","","-0.14%"
"08/08/2018","2,857.70","2,856.79","2,862.44","2,853.09","","-0.03%"
"08/07/2018","2,858.45","2,855.92","2,863.43","2,855.92","","0.28%"
"08/06/2018","2,850.40","2,840.29","2,853.29","2,835.98","","0.35%"
"08/03/2018","2,840.35","2,829.62","2,840.38","2,827.37","","0.46%"
"08/02/2018","2,827.22","2,800.48","2,829.91","2,796.34","","0.49%"
"08/01/2018","2,813.36","2,821.17","2,825.83","2,805.85","","-0.10%"
"07/31/2018","2,816.29","2,809.73","2,824.46","2,808.06","","0.49%"
"07/30/2018","2,802.60","2,819.00","2,821.74","2,798.11","","-0.58%"
"07/27/2018","2,818.82","2,842.35","2,843.17","2,808.34","","-0.66%"
"07/26/2018","2,837.44","2,835.49","2,845.57","2,835.26","","-0.30%"
"07/25/2018","2,846.07","2,817.73","2,848.03","2,817.73","","0.91%"
"07/24/2018","2,820.40","2,820.68","2,829.99","2,811.12","","0.48%"
"07/23/2018","2,806.98","2,799.17","2,808.61","2,795.14","","0.18%"
"07/20/2018","2,801.83","2,804.55","2,809.70","2,800.01","","-0.09%"
"07/19/2018","2,804.49","2,809.37","2,812.05","2,799.77","","-0.40%"
"07/18/2018","2,815.62","2,811.35","2,816.76","2,805.89","","0.22%"
"07/17/2018","2,809.55","2,789.34","2,814.19","2,789.24","","0.40%"
"07/16/2018","2,798.43","2,801.43","2,803.71","2,793.39","","-0.10%"
"07/13/2018","2,801.31","2,796.93","2,804.53","2,791.69","","0.11%"
"07/12/2018","2,798.29","2,783.14","2,799.22","2,781.53","","0.87%"
"07/11/2018","2,774.02","2,779.82","2,785.91","2,770.77","","-0.71%"
"07/10/2018","2,793.84","2,788.56","2,795.58","2,786.24","","0.35%"
"07/09/2018","2,784.17","2,768.51","2,784.65","2,768.51","","0.88%"
"07/06/2018","2,759.82","2,737.68","2,764.41","2,733.52","","0.85%"
"07/05/2018","2,736.61","2,724.19","2,737.83","2,716.02","","0.86%"
"07/03/2018","2,713.22","2,733.27","2,736.58","2,711.16","","-0.49%"
"07/02/2018","2,726.71","2,704.95","2,727.26","2,698.95","","0.31%"
"06/29/2018","2,718.37","2,727.13","2,743.26","2,718.03","","0.08%"
"06/28/2018","2,716.31","2,698.69","2,724.34","2,691.99","","0.62%"
"06/27/2018","2,699.63","2,728.45","2,746.09","2,699.38","","-0.86%"
"06/26/2018","2,723.06","2,722.12","2,732.91","2,715.60","","0.22%"
"06/25/2018","2,717.07","2,742.94","2,742.94","2,698.67","","-1.37%"
"06/22/2018","2,754.88","2,760.79","2,764.17","2,752.68","","0.19%"
"06/21/2018","2,749.76","2,769.28","2,769.28","2,744.39","","-0.63%"
"06/20/2018","2,767.32","2,769.73","2,774.86","2,763.91","","0.17%"
"06/19/2018","2,762.59","2,752.01","2,765.05","2,743.19","","-0.40%"
"06/18/2018","2,773.75","2,765.79","2,774.99","2,757.12","","-0.21%"
"06/15/2018","2,779.66","2,777.78","2,782.81","2,761.73","","-0.10%"
"06/14/2018","2,782.49","2,783.21","2,789.06","2,776.52","","0.25%"
"06/13/2018","2,775.63","2,787.94","2,791.47","2,774.65","","-0.40%"
"06/12/2018","2,786.85","2,785.60","2,789.80","2,778.78","","0.17%"
"06/11/2018","2,782.00","2,780.18","2,790.21","2,780.17","","0.11%"
"06/08/2018","2,779.03","2,765.84","2,779.39","2,763.59","","0.31%"
"06/07/2018","2,770.37","2,774.84","2,779.90","2,760.16","","-0.07%"
"06/06/2018","2,772.35","2,753.25","2,772.39","2,748.46","","0.86%"
"06/05/2018","2,748.80","2,748.46","2,752.61","2,739.51","","0.07%"
"06/04/2018","2,746.87","2,741.67","2,749.16","2,740.54","","0.45%"
"06/01/2018","2,734.62","2,718.70","2,736.93","2,718.70","","1.08%"
"05/31/2018","2,705.27","2,720.98","2,722.50","2,700.68","","-0.69%"
"05/30/2018","2,724.01","2,702.43","2,729.34","2,702.43","","1.27%"
"05/29/2018","2,689.86","2,705.11","2,710.67","2,676.81","","-1.16%"
"05/25/2018","2,721.33","2,723.60","2,727.36","2,714.99","","-0.24%"
"05/24/2018","2,727.76","2,730.94","2,731.97","2,707.38","","-0.20%"
"05/23/2018","2,733.29","2,713.98","2,733.33","2,709.54","","0.32%"
"05/22/2018","2,724.44","2,738.34","2,742.24","2,721.88","","-0.31%"
"05/21/2018","2,733.01","2,725.95","2,739.19","2,725.70","","0.74%"
"05/18/2018","2,712.97","2,717.35","2,719.50","2,709.18","","-0.26%"
"05/17/2018","2,720.13","2,719.71","2,731.96","2,711.36","","-0.09%"
"05/16/2018","2,722.46","2,712.62","2,727.76","2,712.17","","0.41%"
"05/15/2018","2,711.45","2,718.59","2,718.59","2,701.91","","-0.68%"
"05/14/2018","2,730.13","2,733.37","2,742.10","2,725.47","","0.09%"
"05/11/2018","2,727.72","2,722.70","2,732.86","2,717.45","","0.17%"
"05/10/2018","2,723.07","2,705.02","2,726.11","2,704.54","","0.94%"
"05/09/2018","2,697.79","2,678.12","2,701.27","2,674.14","","0.97%"
"05/08/2018","2,671.92","2,670.26","2,676.34","2,655.20","","-0.03%"
"05/07/2018","2,672.63","2,669.36","2,683.35","2,664.70","","0.35%"
"05/04/2018","2,663.42","2,621.45","2,670.93","2,615.32","","1.28%"
"05/03/2018","2,629.73","2,628.08","2,637.14","2,594.62","","-0.23%"
"05/02/2018","2,635.67","2,654.24","2,660.87","2,631.70","","-0.72%"
"05/01/2018","2,654.80","2,643.64","2,655.27","2,625.41","","0.25%"
"04/30/2018","2,648.05","2,675.05","2,682.92","2,648.04","","-0.82%"
"04/27/2018","2,669.91","2,675.47","2,677.35","2,659.01","","0.11%"
"04/26/2018","2,666.94","2,651.65","2,676.48","2,647.16","","1.04%"
"04/25/2018","2,639.40","2,634.92","2,645.30","2,612.67","","0.18%"
"04/24/2018","2,634.56","2,680.80","2,683.55","2,617.32","","-1.34%"
"04/23/2018","2,670.29","2,675.40","2,682.86","2,657.99","","0.01%"
"04/20/2018","2,670.14","2,692.56","2,693.94","2,660.61","","-0.85%"
"04/19/2018","2,693.13","2,701.16","2,702.84","2,681.90","","-0.57%"
"04/18/2018","2,708.64","2,710.11","2,717.49","2,703.63","","0.08%"
"04/17/2018","2,706.39","2,692.74","2,713.34","2,692.05","","1.07%"
"04/16/2018","2,677.84","2,670.10","2,686.49","2,665.16","","0.81%"
"04/13/2018","2,656.30","2,676.90","2,680.26","2,645.05","","-0.29%"
"04/12/2018","2,663.99","2,653.83","2,674.72","2,653.83","","0.83%"
"04/11/2018","2,642.19","2,643.89","2,661.43","2,639.25","","-0.55%"
"04/10/2018","2,656.87","2,638.41","2,665.45","2,635.78","","1.67%"
"04/09/2018","2,613.16","2,617.18","2,653.55","2,610.79","","0.33%"
"04/06/2018","2,604.47","2,645.82","2,656.88","2,586.27","","-2.19%"
"04/05/2018","2,662.84","2,657.36","2,672.08","2,649.58","","0.69%"
"04/04/2018","2,644.69","2,584.04","2,649.86","2,573.61","","1.16%"
"04/03/2018","2,614.45","2,592.17","2,619.14","2,575.49","","1.26%"
"04/02/2018","2,581.88","2,633.45","2,638.30","2,553.80","","-2.23%"
"03/29/2018","2,640.87","2,614.41","2,659.07","2,609.72","","1.38%"
"03/28/2018","2,605.00","2,611.30","2,632.65","2,593.06","","-0.29%"
"03/27/2018","2,612.62","2,667.57","2,674.78","2,596.12","","-1.73%"
"03/26/2018","2,658.55","2,619.35","2,661.36","2,601.81","","2.72%"
"03/23/2018","2,588.26","2,646.71","2,657.67","2,585.89","","-2.10%"
"03/22/2018","2,643.69","2,691.36","2,695.68","2,641.59","","-2.52%"
"03/21/2018","2,711.93","2,714.99","2,739.14","2,709.79","","-0.18%"
"03/20/2018","2,716.94","2,715.05","2,724.22","2,710.05","","0.15%"
"03/19/2018","2,712.92","2,741.38","2,741.38","2,694.59","","-1.42%"
"03/16/2018","2,752.01","2,750.57","2,761.85","2,749.97","","0.17%"
"03/15/2018","2,747.33","2,754.27","2,763.03","2,741.47","","-0.08%"
"03/14/2018","2,749.48","2,774.06","2,777.11","2,744.38","","-0.57%"
"03/13/2018","2,765.31","2,792.31","2,801.90","2,758.68","","-0.64%"
"03/12/2018","2,783.02","2,790.54","2,796.98","2,779.26","","-0.13%"
"03/09/2018","2,786.57","2,752.91","2,786.57","2,751.54","","1.74%"
"03/08/2018","2,738.97","2,732.75","2,740.45","2,722.65","","0.45%"
"03/07/2018","2,726.80","2,710.18","2,730.60","2,701.74","","-0.05%"
"03/06/2018","2,728.12","2,730.18","2,732.08","2,711.26","","0.26%"
"03/05/2018","2,720.94","2,681.06","2,728.09","2,675.75","","1.10%"
"03/02/2018","2,691.25","2,658.89","2,696.25","2,647.32","","0.51%"
"03/01/2018","2,677.67","2,715.22","2,730.89","2,659.65","","-1.33%"
"02/28/2018","2,713.83","2,753.78","2,761.52","2,713.54","","-1.11%"
"02/27/2018","2,744.28","2,780.45","2,789.15","2,744.22","","-1.27%"
"02/26/2018","2,779.60","2,757.37","2,780.64","2,753.78","","1.18%"
"02/23/2018","2,747.30","2,715.80","2,747.76","2,713.74","","1.60%"
"02/22/2018","2,703.96","2,710.42","2,731.26","2,697.77","","0.10%"
"02/21/2018","2,701.33","2,720.53","2,747.75","2,701.29","","-0.55%"
"02/20/2018","2,716.26","2,722.99","2,737.60","2,706.76","","-0.58%"
"02/16/2018","2,732.22","2,727.14","2,754.42","2,725.11","","0.04%"
"02/15/2018","2,731.20","2,713.46","2,731.51","2,689.82","","1.21%"
"02/14/2018","2,698.63","2,651.21","2,702.10","2,648.87","","1.34%"
"02/13/2018","2,662.94","2,646.27","2,668.84","2,637.08","","0.26%"
"02/12/2018","2,656.00","2,636.75","2,672.61","2,622.45","","1.39%"
"02/09/2018","2,619.55","2,601.78","2,638.67","2,532.69","","1.49%"
"02/08/2018","2,581.00","2,685.01","2,685.27","2,580.56","","-3.75%"
"02/07/2018","2,681.66","2,690.95","2,727.67","2,681.33","","-0.50%"
"02/06/2018","2,695.14","2,614.78","2,701.04","2,593.07","","1.74%"
"02/05/2018","2,648.94","2,741.06","2,763.39","2,638.17","","-4.10%"
"02/02/2018","2,762.13","2,808.92","2,808.92","2,759.97","","-2.12%"
"02/01/2018","2,821.98","2,816.45","2,835.96","2,812.70","","-0.06%"
"01/31/2018","2,823.81","2,832.41","2,839.26","2,813.04","","0.05%"
"01/30/2018","2,822.43","2,832.74","2,837.75","2,818.27","","-1.09%"
"01/29/2018","2,853.53","2,867.23","2,870.62","2,851.48","","-0.67%"
"01/26/2018","2,872.87","2,847.48","2,872.87","2,846.18","","1.18%"
"01/25/2018","2,839.25","2,846.24","2,848.56","2,830.94","","0.06%"
"01/24/2018","2,837.54","2,845.42","2,852.97","2,824.81","","-0.06%"
"01/23/2018","2,839.13","2,835.05","2,842.24","2,830.59","","0.22%"
"01/22/2018","2,832.97","2,809.16","2,833.03","2,808.12","","0.81%"
"01/19/2018","2,810.30","2,802.60","2,810.33","2,798.08","","0.44%"
"01/18/2018","2,798.03","2,802.40","2,805.83","2,792.56","","-0.16%"
"01/17/2018","2,802.56","2,784.99","2,807.04","2,778.38","","0.94%"
"01/16/2018","2,776.42","2,798.96","2,807.54","2,768.64","","-0.35%"
"01/12/2018","2,786.24","2,770.18","2,787.85","2,769.64","","0.67%"
"01/11/2018","2,767.56","2,752.97","2,767.56","2,752.78","","0.70%"
"01/10/2018","2,748.23","2,745.55","2,750.80","2,736.06","","-0.11%"
"01/09/2018","2,751.29","2,751.15","2,759.14","2,747.86","","0.13%"
"01/08/2018","2,747.71","2,742.67","2,748.51","2,737.60","","0.17%"
"01/05/2018","2,743.15","2,731.33","2,743.45","2,727.92","","0.70%"
"01/04/2018","2,723.99","2,719.31","2,729.29","2,719.07","","0.40%"
"01/03/2018","2,713.06","2,697.85","2,714.37","2,697.77","","0.64%"
"01/02/2018","2,695.81","2,683.73","2,695.89","2,682.36","","0.83%"